E	m	p	_	I	d	,	F	i	r	s	t	_	N	a	m	e	,	L	a	s	t	_	N	a	m	e	,	D	O	B	,	S	S	N	,	S	t	a	t	e
2	1	4	,	S	a	r	a	h	,	S	i	m	p	s	o	n	,	1	2	/	0	4	/	1	9	8	5	,	*	*	*	-	*	*	-	8	1	6	6	,	F	L
1	5	,	S	a	m	a	n	t	h	a	,	L	a	r	a	,	0	9	/	0	8	/	1	9	9	3	,	*	*	*	-	*	*	-	7	5	2	6	,	C	O
4	1	1	,	S	t	a	c	y	,	C	h	a	r	l	e	s	,	1	2	/	2	0	/	1	9	5	7	,	*	*	*	-	*	*	-	8	5	2	6	,	P	A
1	6	6	,	M	i	c	h	e	l	l	e	,	R	o	y	,	0	7	/	2	9	/	1	9	7	8	,	*	*	*	-	*	*	-	3	9	4	4	,	M	I
3	9	,	J	o	s	e	p	h	,	R	o	g	e	r	s	,	0	3	/	2	8	/	1	9	8	5	,	*	*	*	-	*	*	-	3	5	1	5	,	M	N
4	2	3	,	E	r	i	c	a	,	H	i	n	e	s	,	1	0	/	1	3	/	1	9	7	5	,	*	*	*	-	*	*	-	6	1	5	3	,	N	Y
1	9	2	,	Z	o	e	,	P	a	t	e	l	,	1	2	/	2	0	/	1	9	6	7	,	*	*	*	-	*	*	-	0	8	1	7	,	W	I
1	6	2	,	M	a	t	t	h	e	w	,	H	a	r	v	e	y	,	0	1	/	2	0	/	1	9	9	0	,	*	*	*	-	*	*	-	0	3	4	6	,	T	N
1	3	1	,	S	h	a	w	n	,	D	a	v	i	s	,	0	7	/	2	1	/	1	9	6	1	,	*	*	*	-	*	*	-	1	5	8	1	,	W	V
2	0	,	A	p	r	i	l	,	B	a	l	d	w	i	n	,	0	8	/	0	7	/	1	9	6	1	,	*	*	*	-	*	*	-	2	0	1	4	,	M	O
2	4	6	,	V	i	n	c	e	n	t	,	D	a	n	i	e	l	s	,	0	1	/	0	6	/	1	9	7	2	,	*	*	*	-	*	*	-	2	7	5	4	,	M	T
5	2	5	,	A	n	n	,	F	i	e	l	d	s	,	0	8	/	2	2	/	1	9	6	0	,	*	*	*	-	*	*	-	7	9	1	1	,	I	A
3	9	2	,	J	e	f	f	r	e	y	,	P	e	a	r	s	o	n	,	0	5	/	0	5	/	1	9	7	9	,	*	*	*	-	*	*	-	2	5	7	8	,	I	L
4	7	4	,	H	e	a	t	h	e	r	,	J	o	h	n	s	o	n	,	0	9	/	2	3	/	1	9	8	9	,	*	*	*	-	*	*	-	0	9	0	4	,	G	A
4	7	8	,	M	e	l	i	s	s	a	,	F	l	e	t	c	h	e	r	,	0	3	/	1	4	/	1	9	7	9	,	*	*	*	-	*	*	-	6	8	8	1	,	R	I
1	0	1	,	K	i	m	b	e	r	l	y	,	A	l	v	a	r	e	z	,	0	9	/	0	4	/	1	9	8	4	,	*	*	*	-	*	*	-	8	6	8	0	,	L	A
5	2	,	M	o	n	i	c	a	,	J	i	m	e	n	e	z	,	0	4	/	0	8	/	1	9	8	8	,	*	*	*	-	*	*	-	1	6	6	8	,	N	D
1	8	2	,	S	t	e	v	e	n	,	J	o	h	n	s	o	n	,	0	5	/	2	8	/	1	9	6	2	,	*	*	*	-	*	*	-	7	0	7	0	,	N	E
6	3	7	,	S	a	r	a	h	,	W	o	o	d	,	0	6	/	1	5	/	1	9	7	2	,	*	*	*	-	*	*	-	6	7	1	5	,	F	L
5	1	0	,	J	e	s	u	s	,	P	e	t	e	r	s	e	n	,	0	3	/	2	8	/	1	9	5	8	,	*	*	*	-	*	*	-	0	7	7	0	,	O	K
1	2	2	,	R	h	o	n	d	a	,	R	o	s	a	l	e	s	,	0	4	/	1	0	/	1	9	6	3	,	*	*	*	-	*	*	-	0	2	8	6	,	A	L
2	9	4	,	N	i	c	o	l	e	,	R	i	c	h	a	r	d	s	o	n	,	0	9	/	0	9	/	1	9	8	1	,	*	*	*	-	*	*	-	5	2	2	8	,	L	A
3	2	7	,	J	e	n	n	i	f	e	r	,	M	e	n	d	e	z	,	0	7	/	2	0	/	1	9	7	7	,	*	*	*	-	*	*	-	1	9	9	4	,	O	R
1	4	5	,	S	a	n	d	r	a	,	P	e	t	t	y	,	0	1	/	3	0	/	1	9	8	1	,	*	*	*	-	*	*	-	7	6	2	9	,	N	C
5	6	5	,	M	i	c	h	a	e	l	,	H	e	s	t	e	r	,	0	4	/	1	3	/	1	9	8	7	,	*	*	*	-	*	*	-	6	8	3	6	,	S	D
5	9	0	,	J	o	s	e	p	h	,	B	r	o	w	n	,	0	8	/	2	8	/	1	9	8	2	,	*	*	*	-	*	*	-	4	7	4	4	,	N	H
3	4	0	,	M	i	c	h	e	l	l	e	,	C	o	o	p	e	r	,	0	8	/	2	3	/	1	9	9	3	,	*	*	*	-	*	*	-	2	3	0	6	,	W	A
1	7	6	,	B	a	r	b	a	r	a	,	W	i	s	e	,	1	2	/	1	5	/	1	9	9	1	,	*	*	*	-	*	*	-	7	6	6	2	,	I	N
6	3	,	C	a	r	o	l	,	R	o	s	a	l	e	s	,	0	7	/	2	0	/	1	9	8	4	,	*	*	*	-	*	*	-	4	9	0	7	,	N	J
1	2	1	,	M	a	r	k	,	V	i	l	l	a	,	0	2	/	2	4	/	1	9	6	9	,	*	*	*	-	*	*	-	2	2	0	7	,	M	S
7	0	,	R	u	s	s	e	l	l	,	O	r	o	z	c	o	,	0	9	/	1	6	/	1	9	7	3	,	*	*	*	-	*	*	-	5	5	1	4	,	M	S
4	4	6	,	M	i	c	h	e	l	l	e	,	S	a	n	c	h	e	z	,	0	8	/	2	1	/	1	9	9	4	,	*	*	*	-	*	*	-	5	2	2	2	,	O	K
1	5	6	,	B	r	i	a	n	a	,	A	y	a	l	a	,	1	0	/	3	1	/	1	9	6	5	,	*	*	*	-	*	*	-	4	5	4	2	,	C	T
3	4	3	,	S	h	a	n	e	,	R	o	b	e	r	t	s	,	1	2	/	1	4	/	1	9	5	8	,	*	*	*	-	*	*	-	6	0	3	0	,	H	I
5	9	9	,	C	a	s	s	a	n	d	r	a	,	M	o	r	r	i	s	,	0	1	/	2	4	/	1	9	7	3	,	*	*	*	-	*	*	-	3	8	3	1	,	M	T
1	0	2	,	K	r	i	s	t	a	,	T	h	o	m	p	s	o	n	,	0	7	/	2	5	/	1	9	8	4	,	*	*	*	-	*	*	-	7	4	4	5	,	K	Y
3	7	7	,	J	o	n	,	B	e	n	n	e	t	t	,	0	9	/	1	3	/	1	9	5	7	,	*	*	*	-	*	*	-	1	6	8	9	,	N	M
2	4	0	,	A	p	r	i	l	,	T	h	o	m	a	s	,	1	2	/	0	3	/	1	9	9	3	,	*	*	*	-	*	*	-	3	5	8	0	,	C	O
4	5	5	,	H	a	l	e	y	,	M	a	r	t	i	n	e	z	,	0	1	/	1	5	/	1	9	6	8	,	*	*	*	-	*	*	-	3	7	3	6	,	I	D
5	0	3	,	I	s	a	a	c	,	S	t	a	f	f	o	r	d	,	1	1	/	2	5	/	1	9	8	9	,	*	*	*	-	*	*	-	5	0	3	6	,	S	D
2	6	9	,	J	o	h	n	,	M	a	r	t	i	n	e	z	,	0	1	/	0	6	/	1	9	8	7	,	*	*	*	-	*	*	-	3	9	3	6	,	N	H
2	1	9	,	J	o	h	n	,	P	h	i	l	l	i	p	s	,	1	2	/	0	8	/	1	9	8	2	,	*	*	*	-	*	*	-	4	0	7	0	,	W	V
3	0	1	,	G	a	r	y	,	S	h	e	l	t	o	n	,	0	9	/	1	1	/	1	9	7	8	,	*	*	*	-	*	*	-	9	6	7	2	,	S	D
8	4	,	A	m	a	n	d	a	,	G	o	r	d	o	n	,	1	0	/	1	2	/	1	9	6	9	,	*	*	*	-	*	*	-	2	9	6	6	,	M	E
5	8	8	,	J	e	s	s	i	c	a	,	H	o	l	t	,	0	9	/	1	2	/	1	9	6	3	,	*	*	*	-	*	*	-	6	0	8	4	,	N	E
5	4	0	,	S	t	e	p	h	a	n	i	e	,	E	s	t	e	s	,	0	7	/	1	5	/	1	9	6	6	,	*	*	*	-	*	*	-	9	7	7	9	,	S	D
3	2	9	,	J	e	s	s	i	c	a	,	B	r	o	w	n	,	0	2	/	0	1	/	1	9	9	2	,	*	*	*	-	*	*	-	7	3	2	8	,	M	S
7	4	,	D	o	n	n	a	,	M	a	n	n	i	n	g	,	0	5	/	1	9	/	1	9	7	3	,	*	*	*	-	*	*	-	7	7	8	1	,	N	M
2	9	,	N	i	c	h	o	l	a	s	,	O	w	e	n	s	,	0	8	/	2	0	/	1	9	9	1	,	*	*	*	-	*	*	-	7	8	8	2	,	V	A
9	2	,	W	e	n	d	y	,	R	y	a	n	,	0	5	/	1	3	/	1	9	6	0	,	*	*	*	-	*	*	-	0	7	4	1	,	A	Z
4	8	9	,	K	i	m	b	e	r	l	y	,	H	o	o	p	e	r	,	0	9	/	0	8	/	1	9	7	1	,	*	*	*	-	*	*	-	3	1	3	6	,	G	A
5	6	1	,	D	e	b	o	r	a	h	,	G	o	n	z	a	l	e	z	,	0	5	/	2	8	/	1	9	7	5	,	*	*	*	-	*	*	-	0	6	4	3	,	M	T
4	4	,	L	a	u	r	a	,	Y	o	d	e	r	,	0	4	/	1	8	/	1	9	8	7	,	*	*	*	-	*	*	-	3	0	1	6	,	I	N
1	3	8	,	K	i	m	b	e	r	l	y	,	V	e	l	e	z	,	0	3	/	0	7	/	1	9	5	8	,	*	*	*	-	*	*	-	0	7	0	7	,	A	Z
6	2	3	,	K	e	v	i	n	,	G	a	r	c	i	a	,	0	5	/	1	5	/	1	9	7	3	,	*	*	*	-	*	*	-	4	3	3	7	,	O	K
1	7	3	,	M	a	r	c	i	a	,	J	o	n	e	s	,	1	1	/	2	0	/	1	9	7	2	,	*	*	*	-	*	*	-	0	9	6	3	,	N	D
1	4	8	,	N	i	c	o	l	e	,	B	a	l	d	w	i	n	,	0	8	/	1	1	/	1	9	7	8	,	*	*	*	-	*	*	-	5	5	0	8	,	N	V
1	8	4	,	K	a	t	h	e	r	i	n	e	,	J	u	a	r	e	z	,	0	2	/	1	3	/	1	9	8	6	,	*	*	*	-	*	*	-	8	6	8	7	,	C	A
2	2	8	,	P	a	u	l	a	,	T	h	o	m	p	s	o	n	,	0	9	/	2	2	/	1	9	8	5	,	*	*	*	-	*	*	-	7	7	3	4	,	N	C
1	1	7	,	J	o	a	n	,	H	o	o	v	e	r	,	0	2	/	2	7	/	1	9	7	3	,	*	*	*	-	*	*	-	5	4	2	9	,	N	M
5	4	4	,	S	t	e	p	h	e	n	,	S	i	m	o	n	,	1	1	/	2	8	/	1	9	6	2	,	*	*	*	-	*	*	-	1	6	2	1	,	N	V
1	1	6	,	R	e	b	e	c	c	a	,	T	a	y	l	o	r	,	0	9	/	3	0	/	1	9	6	2	,	*	*	*	-	*	*	-	9	1	2	6	,	M	N
6	2	2	,	L	i	n	d	s	a	y	,	O	w	e	n	s	,	0	4	/	2	8	/	1	9	7	3	,	*	*	*	-	*	*	-	6	7	4	2	,	D	E
3	7	6	,	J	u	s	t	i	n	,	P	a	y	n	e	,	0	7	/	0	3	/	1	9	8	3	,	*	*	*	-	*	*	-	7	8	9	2	,	A	K
1	0	0	,	M	i	c	h	e	l	l	e	,	T	h	o	r	n	t	o	n	,	0	1	/	2	5	/	1	9	6	1	,	*	*	*	-	*	*	-	4	1	1	2	,	G	A
2	2	2	,	T	i	m	o	t	h	y	,	H	i	l	l	,	0	8	/	1	1	/	1	9	8	5	,	*	*	*	-	*	*	-	4	4	6	0	,	S	C
5	0	6	,	K	a	r	e	n	,	J	o	h	n	s	o	n	,	0	1	/	0	5	/	1	9	7	6	,	*	*	*	-	*	*	-	5	1	7	4	,	O	H
5	9	,	A	l	e	x	i	s	,	M	c	i	n	t	o	s	h	,	0	3	/	0	1	/	1	9	6	2	,	*	*	*	-	*	*	-	9	1	8	5	,	K	Y
4	5	6	,	S	u	s	a	n	,	F	i	t	z	g	e	r	a	l	d	,	0	9	/	1	8	/	1	9	6	1	,	*	*	*	-	*	*	-	3	2	2	2	,	A	L
3	8	9	,	A	m	b	e	r	,	S	t	e	w	a	r	t	,	0	8	/	2	6	/	1	9	5	8	,	*	*	*	-	*	*	-	3	1	2	0	,	O	H
2	3	6	,	T	a	y	l	o	r	,	E	v	a	n	s	,	0	7	/	1	7	/	1	9	8	3	,	*	*	*	-	*	*	-	2	6	4	1	,	N	J
7	8	,	T	r	a	c	y	,	K	n	i	g	h	t	,	0	9	/	2	7	/	1	9	9	3	,	*	*	*	-	*	*	-	8	3	3	9	,	I	D
2	5	3	,	J	a	s	o	n	,	P	a	r	k	s	,	0	2	/	2	7	/	1	9	8	1	,	*	*	*	-	*	*	-	2	6	0	1	,	A	Z
6	7	,	J	o	n	a	t	h	a	n	,	C	a	r	r	o	l	l	,	0	6	/	1	5	/	1	9	7	3	,	*	*	*	-	*	*	-	7	1	2	6	,	S	C
6	4	2	,	S	a	r	a	,	W	a	l	l	a	c	e	,	0	6	/	2	1	/	1	9	5	9	,	*	*	*	-	*	*	-	6	9	1	8	,	M	S
2	7	9	,	J	e	f	f	r	e	y	,	M	i	t	c	h	e	l	l	,	0	5	/	2	3	/	1	9	6	9	,	*	*	*	-	*	*	-	4	5	5	9	,	U	T
4	1	,	A	p	r	i	l	,	W	e	s	t	,	0	3	/	1	1	/	1	9	8	6	,	*	*	*	-	*	*	-	9	5	4	4	,	D	E
3	0	,	R	y	a	n	,	R	e	y	n	o	l	d	s	,	0	2	/	0	5	/	1	9	7	3	,	*	*	*	-	*	*	-	2	8	8	3	,	I	N
4	6	2	,	R	a	c	h	e	l	,	B	e	l	l	,	0	7	/	2	4	/	1	9	8	9	,	*	*	*	-	*	*	-	1	3	7	9	,	A	L
8	7	,	A	m	b	e	r	,	W	i	l	l	i	a	m	s	o	n	,	0	6	/	2	0	/	1	9	8	4	,	*	*	*	-	*	*	-	4	5	6	7	,	L	A
2	6	,	T	o	n	y	,	P	a	r	k	,	1	0	/	0	8	/	1	9	6	8	,	*	*	*	-	*	*	-	7	7	4	9	,	U	T
5	5	3	,	R	o	b	e	r	t	,	J	e	f	f	e	r	s	o	n	,	1	0	/	0	4	/	1	9	8	1	,	*	*	*	-	*	*	-	6	3	0	2	,	O	H
1	5	1	,	S	a	r	a	h	,	H	e	r	n	a	n	d	e	z	,	0	7	/	0	5	/	1	9	8	7	,	*	*	*	-	*	*	-	5	5	4	9	,	W	Y
5	2	3	,	M	a	r	g	a	r	e	t	,	F	o	l	e	y	,	1	2	/	1	9	/	1	9	6	8	,	*	*	*	-	*	*	-	4	6	3	3	,	C	A
4	3	4	,	T	i	n	a	,	C	h	r	i	s	t	e	n	s	e	n	,	0	3	/	0	1	/	1	9	8	8	,	*	*	*	-	*	*	-	0	3	3	3	,	T	N
1	,	I	s	a	a	c	,	G	o	m	e	z	,	1	0	/	1	6	/	1	9	8	7	,	*	*	*	-	*	*	-	4	7	2	8	,	W	Y
3	6	5	,	P	h	i	l	l	i	p	,	D	a	v	i	s	,	0	4	/	2	4	/	1	9	6	1	,	*	*	*	-	*	*	-	5	1	3	2	,	V	T
2	3	0	,	B	r	i	a	n	,	D	o	u	g	l	a	s	,	0	9	/	1	8	/	1	9	7	9	,	*	*	*	-	*	*	-	9	3	2	4	,	N	V
3	5	7	,	T	e	r	e	s	a	,	W	i	l	s	o	n	,	0	8	/	1	2	/	1	9	9	4	,	*	*	*	-	*	*	-	9	3	7	8	,	I	N
1	4	2	,	T	i	m	o	t	h	y	,	W	i	l	s	o	n	,	1	1	/	2	1	/	1	9	9	3	,	*	*	*	-	*	*	-	1	2	7	0	,	W	V
6	0	6	,	L	o	r	i	,	D	a	v	i	e	s	,	0	8	/	2	1	/	1	9	8	0	,	*	*	*	-	*	*	-	9	4	8	9	,	A	K
1	2	9	,	B	r	i	t	t	a	n	y	,	S	t	o	n	e	,	1	1	/	2	1	/	1	9	8	5	,	*	*	*	-	*	*	-	0	9	5	0	,	C	O
3	4	,	M	a	t	t	h	e	w	,	R	o	g	e	r	s	,	0	3	/	0	9	/	1	9	7	4	,	*	*	*	-	*	*	-	2	5	6	0	,	C	A
1	9	0	,	F	r	a	n	c	i	s	c	o	,	G	a	r	d	n	e	r	,	0	8	/	1	8	/	1	9	7	2	,	*	*	*	-	*	*	-	0	3	6	7	,	W	I
2	5	9	,	A	s	h	l	e	y	,	P	a	t	r	i	c	k	,	1	2	/	0	6	/	1	9	7	9	,	*	*	*	-	*	*	-	7	9	5	3	,	O	R
4	7	1	,	B	r	a	n	d	i	,	F	r	e	y	,	0	7	/	2	3	/	1	9	7	9	,	*	*	*	-	*	*	-	2	9	9	7	,	M	D
3	6	2	,	G	a	r	r	e	t	t	,	K	e	l	l	e	y	,	1	2	/	2	0	/	1	9	7	4	,	*	*	*	-	*	*	-	1	1	9	2	,	P	A
6	2	0	,	R	o	b	e	r	t	,	B	a	r	r	o	n	,	0	4	/	1	9	/	1	9	8	5	,	*	*	*	-	*	*	-	0	7	3	5	,	N	E
2	9	9	,	L	e	e	,	S	e	r	r	a	n	o	,	0	6	/	1	9	/	1	9	6	7	,	*	*	*	-	*	*	-	0	8	6	7	,	W	V
2	1	3	,	J	e	s	s	i	c	a	,	V	a	n	c	e	,	0	4	/	3	0	/	1	9	5	9	,	*	*	*	-	*	*	-	9	0	7	6	,	D	E
4	2	7	,	R	u	s	s	e	l	l	,	A	s	h	l	e	y	,	0	2	/	1	5	/	1	9	7	3	,	*	*	*	-	*	*	-	2	3	9	5	,	O	H
1	0	5	,	C	a	t	h	e	r	i	n	e	,	R	i	c	h	a	r	d	s	o	n	,	1	0	/	0	3	/	1	9	8	9	,	*	*	*	-	*	*	-	2	9	6	9	,	W	Y
2	6	0	,	S	h	e	r	i	,	H	a	m	i	l	t	o	n	,	0	3	/	1	2	/	1	9	8	6	,	*	*	*	-	*	*	-	9	3	1	9	,	N	H
5	4	7	,	C	r	a	i	g	,	S	t	r	i	c	k	l	a	n	d	,	0	2	/	2	7	/	1	9	6	8	,	*	*	*	-	*	*	-	3	4	9	8	,	N	D
2	8	,	B	r	a	n	d	o	n	,	H	a	l	l	,	0	9	/	3	0	/	1	9	6	9	,	*	*	*	-	*	*	-	6	4	1	6	,	A	K
4	8	6	,	K	a	r	l	a	,	A	d	a	m	s	,	1	1	/	1	8	/	1	9	6	2	,	*	*	*	-	*	*	-	7	5	2	4	,	V	T
3	0	0	,	E	r	n	e	s	t	,	W	a	s	h	i	n	g	t	o	n	,	0	7	/	1	5	/	1	9	9	0	,	*	*	*	-	*	*	-	9	8	0	0	,	F	L
5	0	1	,	J	o	h	n	,	O	w	e	n	s	,	0	5	/	1	5	/	1	9	8	9	,	*	*	*	-	*	*	-	7	5	5	4	,	M	T
5	8	4	,	R	o	b	e	r	t	o	,	F	a	r	m	e	r	,	0	5	/	0	4	/	1	9	6	8	,	*	*	*	-	*	*	-	3	9	3	6	,	L	A
4	5	3	,	T	o	m	,	B	a	i	l	e	y	,	0	1	/	2	4	/	1	9	8	0	,	*	*	*	-	*	*	-	1	6	6	3	,	I	A
1	6	,	J	e	n	n	i	f	e	r	,	W	h	i	t	e	,	0	1	/	1	7	/	1	9	6	6	,	*	*	*	-	*	*	-	1	6	9	8	,	M	I
1	8	5	,	C	o	u	r	t	n	e	y	,	M	e	n	d	e	z	,	1	1	/	2	5	/	1	9	6	1	,	*	*	*	-	*	*	-	8	2	6	8	,	N	E
2	2	3	,	J	a	s	m	i	n	e	,	M	i	l	l	e	r	,	0	5	/	1	3	/	1	9	7	1	,	*	*	*	-	*	*	-	2	4	2	7	,	M	D
2	9	0	,	A	m	y	,	B	r	y	a	n	,	0	6	/	2	4	/	1	9	6	9	,	*	*	*	-	*	*	-	2	6	3	6	,	C	A
7	1	,	M	e	l	v	i	n	,	P	r	u	i	t	t	,	0	5	/	0	6	/	1	9	9	4	,	*	*	*	-	*	*	-	4	9	7	0	,	A	K
7	3	,	A	m	a	n	d	a	,	C	a	r	r	i	l	l	o	,	1	0	/	2	5	/	1	9	5	7	,	*	*	*	-	*	*	-	8	9	4	2	,	M	S
5	4	9	,	A	n	t	h	o	n	y	,	N	g	u	y	e	n	,	0	3	/	1	0	/	1	9	8	7	,	*	*	*	-	*	*	-	6	4	8	4	,	N	D
3	5	9	,	K	a	i	t	l	y	n	,	C	h	a	r	l	e	s	,	1	1	/	2	3	/	1	9	6	5	,	*	*	*	-	*	*	-	7	7	1	2	,	N	H
6	3	1	,	R	e	b	e	c	c	a	,	P	o	l	l	a	r	d	,	0	3	/	1	7	/	1	9	7	7	,	*	*	*	-	*	*	-	9	0	1	0	,	F	L
5	8	5	,	J	a	m	e	s	,	J	a	c	k	s	o	n	,	0	9	/	0	2	/	1	9	8	7	,	*	*	*	-	*	*	-	8	4	9	1	,	M	E
6	4	1	,	G	i	n	a	,	J	o	n	e	s	,	0	2	/	0	5	/	1	9	6	4	,	*	*	*	-	*	*	-	3	5	9	6	,	H	I
5	6	4	,	T	y	l	e	r	,	W	o	o	d	w	a	r	d	,	0	5	/	0	6	/	1	9	8	3	,	*	*	*	-	*	*	-	7	2	9	8	,	K	S
1	4	9	,	H	a	n	n	a	h	,	S	c	h	u	l	t	z	,	1	2	/	2	8	/	1	9	8	4	,	*	*	*	-	*	*	-	7	2	2	8	,	N	Y
4	3	0	,	A	n	t	h	o	n	y	,	S	i	m	s	,	0	4	/	2	0	/	1	9	7	6	,	*	*	*	-	*	*	-	1	3	1	1	,	C	T
5	8	7	,	J	e	s	s	i	c	a	,	W	a	l	l	a	c	e	,	0	5	/	0	2	/	1	9	8	1	,	*	*	*	-	*	*	-	7	1	5	2	,	W	I
4	2	0	,	J	o	n	a	t	h	a	n	,	P	e	a	r	s	o	n	,	0	1	/	0	3	/	1	9	8	0	,	*	*	*	-	*	*	-	7	8	4	0	,	V	T
6	2	5	,	R	i	c	h	a	r	d	,	H	u	n	t	,	0	9	/	1	7	/	1	9	8	7	,	*	*	*	-	*	*	-	9	5	1	3	,	I	N
3	1	9	,	M	a	d	i	s	o	n	,	B	a	l	l	a	r	d	,	0	3	/	1	1	/	1	9	6	6	,	*	*	*	-	*	*	-	3	7	5	0	,	D	E
1	8	,	K	a	t	h	r	y	n	,	B	l	a	i	r	,	0	8	/	0	7	/	1	9	9	3	,	*	*	*	-	*	*	-	8	0	2	8	,	G	A
5	3	5	,	K	r	i	s	t	i	n	a	,	P	a	t	t	e	r	s	o	n	,	0	3	/	2	8	/	1	9	5	8	,	*	*	*	-	*	*	-	5	8	8	5	,	C	T
4	1	7	,	K	a	t	h	r	y	n	,	B	r	y	a	n	t	,	0	4	/	0	9	/	1	9	5	7	,	*	*	*	-	*	*	-	8	0	1	7	,	C	O
3	9	1	,	J	e	r	r	y	,	A	y	a	l	a	,	0	3	/	0	2	/	1	9	8	2	,	*	*	*	-	*	*	-	9	7	3	7	,	W	A
2	7	4	,	K	a	r	e	n	,	R	o	d	r	i	g	u	e	z	,	0	7	/	3	0	/	1	9	9	4	,	*	*	*	-	*	*	-	3	8	1	3	,	C	T
2	7	0	,	D	a	n	i	e	l	,	J	a	c	o	b	s	,	0	4	/	2	4	/	1	9	7	2	,	*	*	*	-	*	*	-	6	7	2	4	,	T	X
5	3	7	,	S	t	e	p	h	a	n	i	e	,	C	a	m	p	b	e	l	l	,	0	8	/	3	0	/	1	9	6	8	,	*	*	*	-	*	*	-	3	5	4	7	,	T	N
3	4	1	,	M	i	c	h	a	e	l	,	P	a	c	h	e	c	o	,	0	4	/	2	9	/	1	9	7	7	,	*	*	*	-	*	*	-	6	3	7	8	,	L	A
4	0	2	,	S	t	e	v	e	n	,	G	a	r	c	i	a	,	0	4	/	0	1	/	1	9	9	1	,	*	*	*	-	*	*	-	9	4	3	7	,	M	T
4	7	6	,	B	r	e	n	d	a	,	H	a	l	l	,	0	7	/	1	5	/	1	9	5	7	,	*	*	*	-	*	*	-	7	8	6	9	,	T	X
3	6	7	,	R	h	o	n	d	a	,	S	m	i	t	h	,	0	6	/	2	7	/	1	9	6	9	,	*	*	*	-	*	*	-	5	5	9	5	,	M	E
4	0	7	,	T	r	a	c	y	,	F	r	a	n	c	i	s	,	0	1	/	2	6	/	1	9	6	0	,	*	*	*	-	*	*	-	8	9	5	0	,	V	T
2	8	0	,	D	a	w	n	,	F	e	r	n	a	n	d	e	z	,	0	4	/	1	4	/	1	9	8	1	,	*	*	*	-	*	*	-	9	2	1	6	,	N	E
5	2	4	,	M	a	t	t	h	e	w	,	W	e	l	l	s	,	0	8	/	2	9	/	1	9	5	8	,	*	*	*	-	*	*	-	2	7	8	0	,	F	L
5	7	,	J	o	e	l	,	W	a	l	k	e	r	,	0	9	/	2	0	/	1	9	7	9	,	*	*	*	-	*	*	-	6	6	3	7	,	F	L
3	1	2	,	P	a	u	l	a	,	S	h	e	a	,	0	8	/	1	5	/	1	9	7	8	,	*	*	*	-	*	*	-	1	7	4	6	,	O	H
6	4	9	,	P	a	u	l	,	B	e	l	l	,	0	5	/	2	3	/	1	9	7	6	,	*	*	*	-	*	*	-	7	4	1	1	,	W	I
4	8	8	,	F	r	e	d	e	r	i	c	k	,	R	o	b	e	r	s	o	n	,	0	1	/	0	2	/	1	9	7	8	,	*	*	*	-	*	*	-	0	1	1	4	,	M	I
1	3	9	,	M	e	l	i	s	s	a	,	A	r	m	s	t	r	o	n	g	,	0	3	/	1	7	/	1	9	5	9	,	*	*	*	-	*	*	-	9	4	5	4	,	O	R
4	1	2	,	J	e	n	n	i	f	e	r	,	A	l	e	x	a	n	d	e	r	,	0	1	/	1	5	/	1	9	6	9	,	*	*	*	-	*	*	-	9	0	2	6	,	A	K
5	,	C	a	s	s	a	n	d	r	a	,	P	e	r	e	z	,	0	9	/	0	2	/	1	9	8	6	,	*	*	*	-	*	*	-	1	1	5	1	,	I	L
1	5	3	,	A	n	t	h	o	n	y	,	A	u	s	t	i	n	,	1	2	/	1	7	/	1	9	6	5	,	*	*	*	-	*	*	-	9	1	6	2	,	W	I
3	2	1	,	C	y	n	t	h	i	a	,	J	o	n	e	s	,	0	8	/	1	1	/	1	9	7	6	,	*	*	*	-	*	*	-	3	4	2	8	,	R	I
5	4	1	,	O	s	c	a	r	,	B	e	r	n	a	r	d	,	0	4	/	0	7	/	1	9	9	0	,	*	*	*	-	*	*	-	5	2	4	3	,	I	L
4	0	6	,	A	m	a	n	d	a	,	H	e	n	d	r	i	x	,	1	1	/	1	9	/	1	9	8	0	,	*	*	*	-	*	*	-	7	7	2	1	,	A	R
2	0	4	,	V	i	n	c	e	n	t	,	H	e	n	r	y	,	0	8	/	2	2	/	1	9	6	1	,	*	*	*	-	*	*	-	5	6	2	4	,	U	T
5	6	7	,	L	a	u	r	e	n	,	B	u	s	h	,	1	2	/	1	9	/	1	9	7	6	,	*	*	*	-	*	*	-	3	2	9	9	,	G	A
1	8	7	,	S	t	a	c	e	y	,	B	a	t	e	s	,	0	6	/	1	7	/	1	9	6	1	,	*	*	*	-	*	*	-	1	4	7	0	,	C	A
4	6	0	,	A	m	a	n	d	a	,	K	h	a	n	,	0	4	/	1	6	/	1	9	7	1	,	*	*	*	-	*	*	-	9	3	8	8	,	N	E
2	1	2	,	A	m	a	n	d	a	,	S	u	t	t	o	n	,	1	2	/	0	7	/	1	9	7	3	,	*	*	*	-	*	*	-	2	3	6	8	,	A	R
6	1	7	,	J	o	s	h	u	a	,	L	i	,	0	3	/	2	0	/	1	9	9	2	,	*	*	*	-	*	*	-	6	0	5	0	,	I	D
3	5	3	,	B	e	c	k	y	,	K	e	n	n	e	d	y	,	0	4	/	0	5	/	1	9	8	7	,	*	*	*	-	*	*	-	4	8	0	7	,	M	I
3	8	3	,	L	a	u	r	a	,	E	s	p	i	n	o	z	a	,	0	9	/	0	4	/	1	9	7	8	,	*	*	*	-	*	*	-	5	7	1	2	,	F	L
9	1	,	J	o	s	h	u	a	,	M	u	r	p	h	y	,	1	2	/	3	1	/	1	9	7	0	,	*	*	*	-	*	*	-	7	3	1	8	,	W	I
4	2	9	,	R	a	n	d	a	l	l	,	B	o	w	e	n	,	0	4	/	1	1	/	1	9	6	9	,	*	*	*	-	*	*	-	0	6	6	6	,	T	X
4	0	,	M	i	c	h	e	l	l	e	,	P	h	a	m	,	0	7	/	3	1	/	1	9	7	9	,	*	*	*	-	*	*	-	2	5	9	5	,	S	C
2	9	8	,	E	m	i	l	y	,	T	h	o	m	a	s	,	0	7	/	1	0	/	1	9	7	4	,	*	*	*	-	*	*	-	6	9	0	6	,	R	I
4	0	0	,	J	e	s	s	i	c	a	,	K	e	l	l	e	y	,	1	2	/	1	5	/	1	9	7	6	,	*	*	*	-	*	*	-	4	2	7	1	,	K	Y
4	8	0	,	J	e	f	f	r	e	y	,	B	r	o	w	n	,	1	2	/	2	3	/	1	9	6	8	,	*	*	*	-	*	*	-	7	3	9	2	,	W	A
3	7	5	,	J	e	n	n	i	f	e	r	,	K	e	i	t	h	,	1	1	/	2	4	/	1	9	9	0	,	*	*	*	-	*	*	-	2	6	1	4	,	A	R
6	2	6	,	J	o	s	h	u	a	,	R	o	m	e	r	o	,	1	0	/	1	4	/	1	9	7	9	,	*	*	*	-	*	*	-	4	1	6	9	,	N	M
9	7	,	F	r	a	n	k	,	W	a	l	k	e	r	,	1	2	/	1	3	/	1	9	7	6	,	*	*	*	-	*	*	-	5	6	1	1	,	A	Z
2	9	1	,	C	o	d	y	,	L	i	n	d	s	e	y	,	0	1	/	2	9	/	1	9	6	5	,	*	*	*	-	*	*	-	8	0	9	9	,	A	L
6	1	4	,	C	o	d	y	,	B	a	k	e	r	,	0	3	/	0	9	/	1	9	7	9	,	*	*	*	-	*	*	-	5	8	9	6	,	V	T
5	5	2	,	J	a	c	l	y	n	,	W	a	l	l	,	1	2	/	1	3	/	1	9	8	5	,	*	*	*	-	*	*	-	5	3	3	6	,	S	D
3	3	8	,	K	a	i	t	l	y	n	,	R	o	y	,	0	6	/	1	5	/	1	9	6	5	,	*	*	*	-	*	*	-	0	9	3	9	,	M	N
5	1	3	,	A	l	l	i	s	o	n	,	L	e	e	,	0	4	/	0	4	/	1	9	9	4	,	*	*	*	-	*	*	-	8	9	3	2	,	U	T
2	3	1	,	H	e	a	t	h	e	r	,	P	a	t	t	e	r	s	o	n	,	0	6	/	0	8	/	1	9	6	9	,	*	*	*	-	*	*	-	2	8	8	6	,	W	V
4	4	3	,	C	a	r	r	i	e	,	T	h	o	m	a	s	,	0	8	/	0	8	/	1	9	8	0	,	*	*	*	-	*	*	-	8	2	3	6	,	M	A
1	4	0	,	D	a	v	i	d	,	G	u	t	i	e	r	r	e	z	,	0	8	/	1	4	/	1	9	6	7	,	*	*	*	-	*	*	-	9	2	3	4	,	N	E
9	6	,	H	a	r	o	l	d	,	R	o	b	i	n	s	o	n	,	0	8	/	2	0	/	1	9	6	5	,	*	*	*	-	*	*	-	7	0	9	8	,	N	M
5	3	1	,	A	l	e	x	,	G	r	a	h	a	m	,	1	1	/	2	7	/	1	9	7	8	,	*	*	*	-	*	*	-	6	9	1	1	,	K	Y
4	0	3	,	S	t	e	v	e	n	,	T	h	o	m	p	s	o	n	,	0	1	/	0	1	/	1	9	7	8	,	*	*	*	-	*	*	-	0	6	3	7	,	N	J
5	8	0	,	B	a	r	b	a	r	a	,	M	a	r	t	i	n	,	1	1	/	1	1	/	1	9	7	1	,	*	*	*	-	*	*	-	5	1	2	0	,	N	E
1	1	3	,	T	h	e	r	e	s	a	,	C	o	c	h	r	a	n	,	0	2	/	2	3	/	1	9	7	6	,	*	*	*	-	*	*	-	2	4	0	4	,	I	A
2	8	9	,	M	i	c	h	a	e	l	,	M	a	d	d	e	n	,	0	9	/	0	5	/	1	9	6	4	,	*	*	*	-	*	*	-	2	9	4	6	,	C	O
2	4	7	,	B	r	i	a	n	,	C	h	a	s	e	,	0	5	/	0	1	/	1	9	8	9	,	*	*	*	-	*	*	-	3	6	2	8	,	A	Z
4	7	2	,	C	a	r	o	l	y	n	,	R	o	d	r	i	g	u	e	z	,	1	1	/	1	6	/	1	9	6	2	,	*	*	*	-	*	*	-	2	1	8	5	,	R	I
5	8	2	,	B	r	e	a	n	n	a	,	W	i	l	l	i	a	m	s	,	0	6	/	0	3	/	1	9	9	4	,	*	*	*	-	*	*	-	8	5	9	3	,	N	C
2	6	5	,	A	n	n	e	,	C	o	o	k	,	1	1	/	1	1	/	1	9	8	1	,	*	*	*	-	*	*	-	8	5	6	0	,	N	Y
2	8	1	,	T	a	r	a	,	B	o	w	e	r	s	,	0	9	/	2	2	/	1	9	7	5	,	*	*	*	-	*	*	-	7	0	4	8	,	N	Y
3	3	0	,	J	o	y	c	e	,	H	a	l	l	,	1	0	/	1	0	/	1	9	8	0	,	*	*	*	-	*	*	-	4	8	1	9	,	V	A
3	7	2	,	S	y	d	n	e	y	,	G	e	o	r	g	e	,	0	1	/	2	4	/	1	9	5	9	,	*	*	*	-	*	*	-	8	2	6	4	,	F	L
6	2	8	,	L	i	n	d	s	a	y	,	W	i	l	l	i	a	m	s	,	0	9	/	1	9	/	1	9	7	7	,	*	*	*	-	*	*	-	4	7	9	2	,	N	V
4	4	5	,	D	a	r	r	e	l	l	,	T	h	o	m	a	s	,	0	3	/	1	4	/	1	9	8	6	,	*	*	*	-	*	*	-	2	6	5	3	,	U	T
3	1	6	,	T	h	o	m	a	s	,	K	n	i	g	h	t	,	0	8	/	0	7	/	1	9	6	5	,	*	*	*	-	*	*	-	2	4	4	1	,	N	J
4	9	9	,	C	a	r	o	l	y	n	,	D	i	a	z	,	0	4	/	2	0	/	1	9	9	1	,	*	*	*	-	*	*	-	2	1	1	7	,	D	E
5	2	8	,	K	a	r	e	n	,	B	a	l	l	,	0	4	/	1	3	/	1	9	8	6	,	*	*	*	-	*	*	-	9	4	1	1	,	N	D
2	4	2	,	R	o	n	a	l	d	,	R	i	c	h	a	r	d	s	o	n	,	0	4	/	2	0	/	1	9	8	8	,	*	*	*	-	*	*	-	6	7	4	2	,	G	A
6	3	2	,	D	o	n	n	a	,	W	i	l	l	i	a	m	s	,	0	9	/	0	1	/	1	9	8	6	,	*	*	*	-	*	*	-	3	1	4	4	,	M	S
3	1	3	,	M	o	l	l	y	,	W	r	i	g	h	t	,	0	2	/	2	3	/	1	9	9	1	,	*	*	*	-	*	*	-	7	9	3	8	,	W	A
8	9	,	J	e	f	f	r	e	y	,	M	c	i	n	t	y	r	e	,	0	6	/	0	2	/	1	9	7	4	,	*	*	*	-	*	*	-	8	3	5	9	,	K	S
1	3	0	,	T	a	b	i	t	h	a	,	P	a	r	k	s	,	0	1	/	1	9	/	1	9	7	5	,	*	*	*	-	*	*	-	8	3	8	6	,	I	A
3	,	M	e	l	i	s	s	a	,	P	a	d	i	l	l	a	,	1	2	/	0	8	/	1	9	8	2	,	*	*	*	-	*	*	-	9	3	8	2	,	M	T
5	8	6	,	G	e	o	r	g	e	,	H	a	r	r	i	s	,	1	1	/	1	5	/	1	9	7	9	,	*	*	*	-	*	*	-	2	1	1	1	,	A	Z
3	5	5	,	C	h	e	r	y	l	,	H	a	n	c	o	c	k	,	0	9	/	0	3	/	1	9	9	3	,	*	*	*	-	*	*	-	2	5	2	2	,	I	D
5	3	2	,	J	e	f	f	r	e	y	,	P	a	u	l	,	0	1	/	1	2	/	1	9	7	2	,	*	*	*	-	*	*	-	0	4	5	7	,	M	T
3	2	6	,	W	e	n	d	y	,	J	o	n	e	s	,	0	4	/	2	0	/	1	9	7	9	,	*	*	*	-	*	*	-	4	0	7	8	,	N	Y
2	2	5	,	E	l	i	z	a	b	e	t	h	,	J	o	h	n	s	o	n	,	1	2	/	0	1	/	1	9	8	1	,	*	*	*	-	*	*	-	8	3	7	5	,	A	R
1	9	1	,	C	h	a	r	l	e	s	,	G	r	e	e	n	,	0	5	/	2	2	/	1	9	9	0	,	*	*	*	-	*	*	-	9	2	8	8	,	S	C
4	4	4	,	J	e	f	f	r	e	y	,	C	o	o	p	e	r	,	1	2	/	1	4	/	1	9	7	0	,	*	*	*	-	*	*	-	7	6	7	1	,	M	D
4	9	0	,	J	u	d	i	t	h	,	B	r	o	o	k	s	,	0	1	/	2	5	/	1	9	7	1	,	*	*	*	-	*	*	-	6	7	7	9	,	I	N
6	0	9	,	A	m	a	n	d	a	,	R	a	m	s	e	y	,	0	4	/	1	0	/	1	9	7	1	,	*	*	*	-	*	*	-	2	6	8	3	,	S	C
4	7	,	S	t	e	p	h	e	n	,	O	l	i	v	e	r	,	1	2	/	2	7	/	1	9	8	4	,	*	*	*	-	*	*	-	5	5	0	0	,	C	A
5	0	8	,	N	a	n	c	y	,	R	o	d	r	i	g	u	e	z	,	0	2	/	1	3	/	1	9	8	8	,	*	*	*	-	*	*	-	1	0	2	7	,	M	D
3	8	8	,	J	o	s	h	u	a	,	P	o	w	e	r	s	,	0	5	/	1	3	/	1	9	7	1	,	*	*	*	-	*	*	-	4	8	9	7	,	F	L
3	3	1	,	L	i	s	a	,	S	t	e	i	n	,	0	2	/	0	7	/	1	9	8	0	,	*	*	*	-	*	*	-	2	0	7	5	,	C	A
2	6	4	,	J	e	s	s	i	c	a	,	M	a	r	t	i	n	,	0	8	/	1	8	/	1	9	6	7	,	*	*	*	-	*	*	-	8	5	6	8	,	N	V
5	8	9	,	G	e	o	r	g	e	,	H	a	r	d	y	,	0	4	/	1	7	/	1	9	9	0	,	*	*	*	-	*	*	-	4	1	6	2	,	N	M
2	7	8	,	J	o	n	a	t	h	a	n	,	C	a	r	n	e	y	,	1	1	/	0	8	/	1	9	9	0	,	*	*	*	-	*	*	-	0	5	0	6	,	C	O
5	2	6	,	C	a	r	o	l	,	R	o	b	e	r	t	s	o	n	,	0	2	/	0	1	/	1	9	5	9	,	*	*	*	-	*	*	-	6	2	4	8	,	I	L
2	0	5	,	S	u	s	a	n	,	Z	h	a	n	g	,	0	3	/	1	8	/	1	9	8	3	,	*	*	*	-	*	*	-	5	8	7	4	,	C	T
1	9	9	,	C	h	r	i	s	t	o	p	h	e	r	,	C	a	m	e	r	o	n	,	0	8	/	3	0	/	1	9	6	9	,	*	*	*	-	*	*	-	1	0	5	3	,	N	Y
5	5	0	,	P	a	u	l	,	R	a	m	s	e	y	,	0	5	/	1	4	/	1	9	9	0	,	*	*	*	-	*	*	-	6	5	6	5	,	M	D
1	0	3	,	D	a	v	i	d	,	T	o	r	r	e	s	,	0	3	/	2	6	/	1	9	7	1	,	*	*	*	-	*	*	-	5	1	7	6	,	M	S
4	6	5	,	B	a	r	b	a	r	a	,	R	o	b	e	r	t	s	,	1	0	/	2	2	/	1	9	9	3	,	*	*	*	-	*	*	-	9	4	4	0	,	K	S
3	4	8	,	N	i	c	h	o	l	a	s	,	D	u	n	n	,	0	5	/	2	2	/	1	9	8	5	,	*	*	*	-	*	*	-	1	1	9	6	,	M	D
1	5	8	,	J	o	h	n	,	L	o	n	g	,	1	0	/	0	9	/	1	9	6	6	,	*	*	*	-	*	*	-	8	3	9	4	,	N	E
3	6	1	,	S	h	e	l	b	y	,	P	o	r	t	e	r	,	0	1	/	0	9	/	1	9	9	2	,	*	*	*	-	*	*	-	7	3	9	1	,	M	E
6	1	0	,	J	u	d	i	t	h	,	R	o	b	i	n	s	o	n	,	0	8	/	2	9	/	1	9	7	3	,	*	*	*	-	*	*	-	3	7	9	2	,	F	L
2	3	5	,	J	u	s	t	i	n	,	H	o	l	t	,	0	9	/	1	9	/	1	9	6	9	,	*	*	*	-	*	*	-	2	8	5	4	,	W	Y
4	4	2	,	L	a	u	r	a	,	V	a	l	d	e	z	,	0	9	/	1	4	/	1	9	8	8	,	*	*	*	-	*	*	-	2	0	6	8	,	I	L
2	1	5	,	J	e	s	s	e	,	R	o	s	a	l	e	s	,	1	2	/	2	9	/	1	9	8	9	,	*	*	*	-	*	*	-	0	6	4	2	,	W	V
1	7	,	A	m	y	,	D	u	r	a	n	,	0	4	/	0	2	/	1	9	9	2	,	*	*	*	-	*	*	-	5	5	8	1	,	M	N
3	6	3	,	J	o	s	h	u	a	,	W	i	l	l	i	a	m	s	,	1	1	/	0	6	/	1	9	7	6	,	*	*	*	-	*	*	-	1	3	7	5	,	I	N
4	3	8	,	R	o	b	e	r	t	,	D	a	v	i	s	,	0	3	/	2	8	/	1	9	8	6	,	*	*	*	-	*	*	-	0	7	7	6	,	N	E
1	1	1	,	L	i	s	a	,	H	o	u	s	t	o	n	,	0	6	/	2	7	/	1	9	6	6	,	*	*	*	-	*	*	-	5	9	4	6	,	O	H
3	9	6	,	T	i	m	o	t	h	y	,	W	i	l	l	i	a	m	s	,	1	1	/	2	7	/	1	9	7	8	,	*	*	*	-	*	*	-	5	8	4	2	,	I	L
2	5	5	,	K	i	m	,	F	i	n	l	e	y	,	0	3	/	0	9	/	1	9	7	3	,	*	*	*	-	*	*	-	6	3	5	1	,	S	C
2	2	6	,	A	n	d	r	e	w	,	L	o	p	e	z	,	0	6	/	1	1	/	1	9	6	2	,	*	*	*	-	*	*	-	7	2	4	8	,	T	N
6	5	2	,	V	e	r	o	n	i	c	a	,	H	e	r	r	e	r	a	,	1	0	/	2	2	/	1	9	5	8	,	*	*	*	-	*	*	-	4	7	2	3	,	I	A
6	4	,	B	o	b	,	M	u	r	p	h	y	,	0	1	/	1	4	/	1	9	8	2	,	*	*	*	-	*	*	-	8	1	0	0	,	S	D
4	1	5	,	T	i	m	o	t	h	y	,	D	u	n	c	a	n	,	0	9	/	2	5	/	1	9	7	7	,	*	*	*	-	*	*	-	7	4	9	3	,	I	N
3	5	4	,	D	a	v	i	d	,	S	a	n	d	o	v	a	l	,	1	1	/	2	6	/	1	9	8	5	,	*	*	*	-	*	*	-	6	9	6	3	,	W	V
5	1	7	,	T	o	n	y	,	G	r	a	v	e	s	,	1	0	/	1	9	/	1	9	8	0	,	*	*	*	-	*	*	-	5	3	6	0	,	I	D
2	9	2	,	A	n	d	r	e	a	,	F	u	l	l	e	r	,	0	7	/	1	7	/	1	9	8	1	,	*	*	*	-	*	*	-	0	6	9	8	,	W	A
5	7	9	,	W	i	l	l	i	a	m	,	C	a	r	n	e	y	,	0	6	/	1	6	/	1	9	7	4	,	*	*	*	-	*	*	-	3	4	4	0	,	W	Y
1	8	1	,	D	a	n	i	e	l	,	D	o	m	i	n	g	u	e	z	,	1	1	/	1	5	/	1	9	9	2	,	*	*	*	-	*	*	-	9	5	9	5	,	K	Y
5	5	6	,	D	a	v	i	d	,	F	r	a	n	c	o	,	1	0	/	3	0	/	1	9	8	3	,	*	*	*	-	*	*	-	2	4	5	1	,	N	Y
3	5	1	,	J	u	s	t	i	n	,	O	r	t	i	z	,	0	1	/	2	9	/	1	9	6	1	,	*	*	*	-	*	*	-	6	7	6	1	,	A	K
4	0	5	,	S	a	r	a	,	J	a	r	v	i	s	,	0	7	/	2	3	/	1	9	6	4	,	*	*	*	-	*	*	-	3	9	5	3	,	W	V
6	4	7	,	A	d	a	m	,	G	r	e	e	n	,	0	5	/	0	9	/	1	9	8	8	,	*	*	*	-	*	*	-	5	6	7	4	,	T	N
6	4	6	,	D	e	b	r	a	,	F	l	o	r	e	s	,	0	4	/	0	2	/	1	9	6	9	,	*	*	*	-	*	*	-	7	1	1	1	,	K	S
7	9	,	J	e	n	n	i	f	e	r	,	A	d	a	m	s	,	1	2	/	0	4	/	1	9	8	8	,	*	*	*	-	*	*	-	1	2	1	0	,	R	I
3	7	1	,	L	o	r	i	,	S	o	s	a	,	0	6	/	1	4	/	1	9	8	8	,	*	*	*	-	*	*	-	7	0	6	2	,	M	I
5	4	2	,	C	o	r	y	,	M	o	r	a	,	0	3	/	2	7	/	1	9	8	5	,	*	*	*	-	*	*	-	0	3	2	5	,	N	V
2	6	1	,	D	e	n	i	s	e	,	H	u	g	h	e	s	,	0	9	/	2	0	/	1	9	6	6	,	*	*	*	-	*	*	-	7	8	7	9	,	U	T
3	6	8	,	A	n	t	h	o	n	y	,	J	e	n	k	i	n	s	,	0	9	/	0	5	/	1	9	5	7	,	*	*	*	-	*	*	-	0	4	3	7	,	M	A
4	3	9	,	L	e	o	n	a	r	d	,	S	o	t	o	,	1	0	/	1	7	/	1	9	8	6	,	*	*	*	-	*	*	-	1	9	9	1	,	N	E
8	2	,	D	o	n	a	l	d	,	T	o	d	d	,	0	7	/	1	6	/	1	9	6	0	,	*	*	*	-	*	*	-	6	9	3	0	,	M	I
4	3	1	,	C	h	r	i	s	t	o	p	h	e	r	,	L	o	n	g	,	0	8	/	2	4	/	1	9	7	9	,	*	*	*	-	*	*	-	2	7	3	7	,	V	T
1	5	5	,	D	o	n	a	l	d	,	P	i	e	r	c	e	,	0	2	/	2	7	/	1	9	7	6	,	*	*	*	-	*	*	-	1	5	6	2	,	N	J
1	8	9	,	M	a	t	t	h	e	w	,	S	u	l	l	i	v	a	n	,	0	2	/	2	5	/	1	9	8	6	,	*	*	*	-	*	*	-	6	6	9	7	,	M	S
3	9	3	,	B	r	i	a	n	n	a	,	S	t	e	v	e	n	s	,	0	6	/	1	1	/	1	9	6	5	,	*	*	*	-	*	*	-	4	6	6	6	,	M	T
4	5	1	,	J	a	c	q	u	e	l	i	n	e	,	V	i	l	l	e	g	a	s	,	0	2	/	1	3	/	1	9	8	1	,	*	*	*	-	*	*	-	8	9	4	8	,	S	C
2	2	,	M	a	r	y	,	D	i	a	z	,	0	2	/	1	8	/	1	9	6	4	,	*	*	*	-	*	*	-	8	7	0	1	,	G	A
4	7	0	,	S	t	e	v	e	n	,	T	a	y	l	o	r	,	1	2	/	0	1	/	1	9	8	5	,	*	*	*	-	*	*	-	1	8	0	3	,	N	H
3	8	4	,	E	d	w	a	r	d	,	J	i	m	e	n	e	z	,	0	8	/	1	9	/	1	9	8	0	,	*	*	*	-	*	*	-	1	3	5	5	,	K	Y
7	,	J	o	h	n	,	J	o	s	e	p	h	,	0	1	/	0	7	/	1	9	9	2	,	*	*	*	-	*	*	-	0	4	1	3	,	P	A
2	5	8	,	J	a	r	e	d	,	F	l	e	t	c	h	e	r	,	0	7	/	1	6	/	1	9	7	7	,	*	*	*	-	*	*	-	9	3	0	4	,	V	T
5	6	8	,	K	a	t	h	l	e	e	n	,	H	i	l	l	,	0	2	/	0	4	/	1	9	7	0	,	*	*	*	-	*	*	-	3	3	5	6	,	N	H
5	6	,	J	o	h	n	n	y	,	W	a	r	n	e	r	,	0	8	/	1	6	/	1	9	6	5	,	*	*	*	-	*	*	-	4	1	6	4	,	N	H
6	2	1	,	F	r	a	n	k	,	S	m	i	t	h	,	0	2	/	0	8	/	1	9	7	1	,	*	*	*	-	*	*	-	1	1	0	0	,	I	L
4	9	,	S	t	e	p	h	a	n	i	e	,	T	h	o	m	p	s	o	n	,	0	3	/	2	6	/	1	9	5	7	,	*	*	*	-	*	*	-	6	2	4	9	,	R	I
3	9	7	,	A	n	g	e	l	a	,	C	a	n	n	o	n	,	0	9	/	1	3	/	1	9	9	2	,	*	*	*	-	*	*	-	3	4	5	9	,	K	S
3	6	,	T	r	e	v	o	r	,	R	o	b	i	n	s	o	n	,	0	4	/	2	6	/	1	9	6	7	,	*	*	*	-	*	*	-	3	4	6	2	,	W	V
3	3	,	G	r	e	g	o	r	y	,	P	o	w	e	r	s	,	0	5	/	1	9	/	1	9	6	9	,	*	*	*	-	*	*	-	8	8	7	9	,	K	S
2	2	4	,	M	i	c	h	a	e	l	,	S	p	a	r	k	s	,	1	1	/	0	3	/	1	9	8	2	,	*	*	*	-	*	*	-	6	8	0	9	,	N	C
6	3	4	,	G	e	o	r	g	e	,	F	l	o	r	e	s	,	0	1	/	3	1	/	1	9	8	9	,	*	*	*	-	*	*	-	0	1	9	5	,	I	A
1	4	4	,	M	i	c	h	a	e	l	,	H	a	l	l	,	0	1	/	2	2	/	1	9	8	6	,	*	*	*	-	*	*	-	0	1	6	1	,	A	Z
4	9	1	,	S	u	s	a	n	,	W	i	l	l	i	a	m	s	o	n	,	0	5	/	2	7	/	1	9	7	3	,	*	*	*	-	*	*	-	0	3	5	5	,	I	N
3	0	9	,	L	u	i	s	,	N	o	r	t	o	n	,	0	5	/	1	1	/	1	9	8	8	,	*	*	*	-	*	*	-	6	9	5	5	,	W	I
2	1	1	,	V	i	c	t	o	r	i	a	,	P	e	a	r	s	o	n	,	0	3	/	0	7	/	1	9	9	0	,	*	*	*	-	*	*	-	5	5	1	8	,	N	D
4	7	5	,	R	o	g	e	r	,	N	i	c	h	o	l	s	,	0	1	/	1	3	/	1	9	7	6	,	*	*	*	-	*	*	-	4	5	1	5	,	O	R
4	9	3	,	J	e	n	n	y	,	M	i	l	l	s	,	1	1	/	1	0	/	1	9	8	3	,	*	*	*	-	*	*	-	1	4	3	4	,	W	I
1	2	8	,	J	o	s	h	u	a	,	M	o	o	r	e	,	0	9	/	3	0	/	1	9	6	5	,	*	*	*	-	*	*	-	8	3	6	9	,	P	A
2	6	2	,	J	a	m	e	s	,	C	a	r	r	,	0	2	/	2	5	/	1	9	7	9	,	*	*	*	-	*	*	-	8	5	4	6	,	A	L
5	9	7	,	D	a	v	i	d	,	L	a	n	e	,	0	4	/	2	1	/	1	9	7	4	,	*	*	*	-	*	*	-	4	6	1	4	,	M	N
3	2	5	,	B	e	t	h	,	R	e	e	s	e	,	0	4	/	3	0	/	1	9	6	1	,	*	*	*	-	*	*	-	1	2	2	3	,	P	A
5	7	3	,	L	i	n	d	s	a	y	,	T	h	o	m	p	s	o	n	,	0	9	/	2	4	/	1	9	8	6	,	*	*	*	-	*	*	-	1	3	0	6	,	K	S
5	5	,	A	m	b	e	r	,	T	a	y	l	o	r	,	0	4	/	2	7	/	1	9	8	2	,	*	*	*	-	*	*	-	6	6	1	0	,	N	Y
1	3	2	,	O	s	c	a	r	,	Y	a	t	e	s	,	0	4	/	0	3	/	1	9	7	7	,	*	*	*	-	*	*	-	0	6	2	0	,	I	L
4	0	1	,	A	n	t	h	o	n	y	,	C	o	o	p	e	r	,	0	6	/	0	4	/	1	9	9	4	,	*	*	*	-	*	*	-	2	4	9	0	,	C	A
4	8	3	,	T	r	a	c	i	e	,	H	a	r	r	i	s	o	n	,	0	7	/	0	1	/	1	9	8	3	,	*	*	*	-	*	*	-	7	8	3	3	,	D	E
4	2	4	,	C	o	r	e	y	,	H	e	r	r	e	r	a	,	1	1	/	0	8	/	1	9	7	0	,	*	*	*	-	*	*	-	3	2	2	8	,	O	R
1	8	8	,	A	n	t	h	o	n	y	,	K	i	m	,	1	1	/	0	4	/	1	9	8	1	,	*	*	*	-	*	*	-	7	0	4	3	,	W	Y
2	7	2	,	K	e	n	d	r	a	,	M	a	r	s	h	a	l	l	,	0	9	/	1	1	/	1	9	6	7	,	*	*	*	-	*	*	-	2	6	5	8	,	I	N
5	4	5	,	D	e	b	b	i	e	,	C	h	a	n	g	,	0	2	/	1	7	/	1	9	9	3	,	*	*	*	-	*	*	-	8	0	2	2	,	P	A
1	9	3	,	M	i	r	a	n	d	a	,	S	i	m	m	o	n	s	,	0	3	/	2	7	/	1	9	6	4	,	*	*	*	-	*	*	-	2	3	5	9	,	I	L
5	9	3	,	C	a	t	h	e	r	i	n	e	,	M	u	r	p	h	y	,	0	8	/	1	1	/	1	9	6	8	,	*	*	*	-	*	*	-	6	4	0	1	,	R	I
4	6	3	,	N	i	c	h	o	l	a	s	,	S	h	e	l	t	o	n	,	0	6	/	0	7	/	1	9	8	4	,	*	*	*	-	*	*	-	0	7	0	4	,	G	A
3	3	4	,	L	a	u	r	a	,	W	i	n	t	e	r	s	,	0	7	/	0	5	/	1	9	6	9	,	*	*	*	-	*	*	-	4	7	7	5	,	G	A
5	9	6	,	J	i	l	l	,	B	a	r	r	,	0	4	/	0	7	/	1	9	8	3	,	*	*	*	-	*	*	-	7	8	8	9	,	M	N
3	7	3	,	L	a	u	r	e	n	,	R	i	t	t	e	r	,	1	2	/	2	6	/	1	9	7	0	,	*	*	*	-	*	*	-	7	6	0	0	,	K	S
6	3	5	,	A	n	t	h	o	n	y	,	S	h	o	r	t	,	0	6	/	0	7	/	1	9	8	6	,	*	*	*	-	*	*	-	6	0	0	4	,	W	Y
3	1	5	,	P	a	t	r	i	c	k	,	Y	a	t	e	s	,	0	5	/	0	7	/	1	9	6	7	,	*	*	*	-	*	*	-	4	0	3	6	,	N	C
1	2	0	,	B	r	e	t	t	,	M	i	t	c	h	e	l	l	,	0	1	/	2	0	/	1	9	7	6	,	*	*	*	-	*	*	-	8	3	3	7	,	W	I
1	1	0	,	A	n	d	r	e	a	,	B	o	o	n	e	,	0	2	/	0	5	/	1	9	8	3	,	*	*	*	-	*	*	-	1	0	8	9	,	C	O
6	8	,	C	h	a	r	l	e	s	,	A	l	v	a	r	e	z	,	0	2	/	0	1	/	1	9	9	3	,	*	*	*	-	*	*	-	5	1	4	2	,	M	T
1	4	,	J	e	f	f	,	G	a	r	n	e	r	,	1	2	/	2	1	/	1	9	7	8	,	*	*	*	-	*	*	-	2	1	9	1	,	M	A
2	0	0	,	N	a	t	a	l	i	e	,	W	i	l	l	i	a	m	s	,	0	6	/	1	4	/	1	9	7	1	,	*	*	*	-	*	*	-	2	7	5	3	,	M	A
6	2	,	T	r	a	c	y	,	K	i	n	g	,	1	1	/	1	7	/	1	9	6	9	,	*	*	*	-	*	*	-	0	8	2	2	,	N	C
2	6	3	,	M	i	c	h	a	e	l	,	H	u	a	n	g	,	0	2	/	1	4	/	1	9	9	0	,	*	*	*	-	*	*	-	6	1	6	2	,	S	C
2	5	7	,	R	a	y	,	M	i	l	l	e	r	,	0	3	/	0	9	/	1	9	6	8	,	*	*	*	-	*	*	-	5	7	7	4	,	C	A
6	1	,	T	r	a	c	e	y	,	P	o	w	e	r	s	,	0	4	/	2	8	/	1	9	7	6	,	*	*	*	-	*	*	-	5	1	0	7	,	W	Y
1	0	7	,	A	l	e	x	a	n	d	e	r	,	M	o	o	r	e	,	0	7	/	0	5	/	1	9	9	2	,	*	*	*	-	*	*	-	4	1	3	6	,	H	I
3	2	2	,	L	i	s	a	,	F	i	s	h	e	r	,	0	1	/	0	5	/	1	9	7	7	,	*	*	*	-	*	*	-	4	6	7	0	,	N	M
2	,	T	a	m	a	r	a	,	G	e	n	t	r	y	,	0	4	/	0	3	/	1	9	8	7	,	*	*	*	-	*	*	-	7	4	3	0	,	S	C
8	1	,	C	h	r	i	s	t	o	p	h	e	r	,	F	i	t	z	g	e	r	a	l	d	,	0	4	/	1	9	/	1	9	9	2	,	*	*	*	-	*	*	-	7	0	9	6	,	M	A
3	3	7	,	J	o	s	e	,	O	l	s	o	n	,	0	1	/	2	0	/	1	9	9	1	,	*	*	*	-	*	*	-	7	2	5	6	,	P	A
9	3	,	C	a	r	r	i	e	,	W	a	l	l	a	c	e	,	0	2	/	0	7	/	1	9	6	6	,	*	*	*	-	*	*	-	8	0	0	7	,	G	A
3	6	6	,	C	r	y	s	t	a	l	,	S	m	i	t	h	,	0	4	/	3	0	/	1	9	9	1	,	*	*	*	-	*	*	-	6	8	8	4	,	N	Y
2	8	7	,	C	a	r	o	l	i	n	e	,	E	d	w	a	r	d	s	,	1	0	/	2	0	/	1	9	5	9	,	*	*	*	-	*	*	-	7	8	1	6	,	N	V
6	6	,	C	a	r	o	l	,	B	a	k	e	r	,	0	8	/	0	1	/	1	9	5	9	,	*	*	*	-	*	*	-	8	1	9	6	,	O	R
2	4	3	,	A	l	e	x	a	n	d	r	a	,	W	a	r	d	,	1	2	/	2	7	/	1	9	7	3	,	*	*	*	-	*	*	-	3	4	1	4	,	A	R
6	0	3	,	K	r	y	s	t	a	l	,	T	o	w	n	s	e	n	d	,	0	5	/	1	5	/	1	9	9	0	,	*	*	*	-	*	*	-	6	8	3	9	,	A	Z
2	7	7	,	M	e	l	a	n	i	e	,	E	l	l	i	o	t	t	,	0	6	/	2	1	/	1	9	7	6	,	*	*	*	-	*	*	-	2	8	6	9	,	M	N
5	8	3	,	T	r	a	c	e	y	,	B	a	r	a	j	a	s	,	0	1	/	0	9	/	1	9	7	3	,	*	*	*	-	*	*	-	9	7	2	2	,	A	R
2	6	8	,	E	r	i	c	,	B	a	r	k	e	r	,	1	2	/	0	9	/	1	9	7	6	,	*	*	*	-	*	*	-	2	1	3	6	,	G	A
2	3	4	,	O	l	i	v	i	a	,	E	l	l	i	o	t	t	,	0	9	/	1	5	/	1	9	9	1	,	*	*	*	-	*	*	-	7	6	3	1	,	N	M
3	2	0	,	D	a	n	i	e	l	,	R	e	e	d	,	1	2	/	2	4	/	1	9	6	9	,	*	*	*	-	*	*	-	3	3	3	3	,	N	J
4	6	1	,	R	o	b	e	r	t	o	,	P	i	e	r	c	e	,	0	7	/	0	3	/	1	9	6	4	,	*	*	*	-	*	*	-	9	9	8	2	,	M	O
2	3	2	,	L	a	w	r	e	n	c	e	,	S	t	e	w	a	r	t	,	0	6	/	1	5	/	1	9	8	7	,	*	*	*	-	*	*	-	1	3	0	3	,	M	O
1	3	,	M	i	c	h	a	e	l	,	S	n	o	w	,	0	2	/	1	7	/	1	9	6	5	,	*	*	*	-	*	*	-	2	8	2	0	,	K	S
1	0	8	,	A	s	h	l	e	y	,	C	r	u	z	,	0	9	/	0	9	/	1	9	7	3	,	*	*	*	-	*	*	-	3	1	6	8	,	M	A
2	1	6	,	J	e	s	u	s	,	H	o	b	b	s	,	1	2	/	1	0	/	1	9	7	5	,	*	*	*	-	*	*	-	2	6	4	8	,	M	S
3	0	4	,	J	o	d	y	,	R	i	l	e	y	,	0	1	/	0	8	/	1	9	7	8	,	*	*	*	-	*	*	-	6	6	8	1	,	C	T
9	4	,	J	o	s	e	p	h	,	S	c	o	t	t	,	1	1	/	2	3	/	1	9	9	3	,	*	*	*	-	*	*	-	4	4	4	5	,	M	D
1	7	1	,	E	r	i	c	,	S	u	l	l	i	v	a	n	,	0	1	/	0	5	/	1	9	9	3	,	*	*	*	-	*	*	-	8	1	4	1	,	S	C
4	6	6	,	C	h	r	i	s	t	o	p	h	e	r	,	C	e	r	v	a	n	t	e	s	,	1	1	/	0	9	/	1	9	7	5	,	*	*	*	-	*	*	-	7	9	1	9	,	V	T
4	9	8	,	J	e	n	n	i	f	e	r	,	L	e	o	n	,	0	2	/	0	3	/	1	9	5	9	,	*	*	*	-	*	*	-	2	4	1	3	,	A	R
1	8	0	,	V	i	c	t	o	r	,	F	u	e	n	t	e	s	,	1	2	/	0	7	/	1	9	5	7	,	*	*	*	-	*	*	-	5	8	4	4	,	W	A
9	,	C	h	r	i	s	t	i	n	e	,	M	a	r	s	h	a	l	l	,	1	2	/	0	5	/	1	9	7	2	,	*	*	*	-	*	*	-	6	5	3	8	,	A	L
1	7	0	,	A	m	a	n	d	a	,	G	a	r	c	i	a	,	1	2	/	0	3	/	1	9	6	1	,	*	*	*	-	*	*	-	1	0	1	3	,	N	J
1	7	2	,	N	a	n	c	y	,	H	o	l	l	o	w	a	y	,	0	3	/	1	3	/	1	9	8	3	,	*	*	*	-	*	*	-	4	9	6	5	,	A	K
4	6	,	K	i	m	b	e	r	l	y	,	B	a	n	k	s	,	0	7	/	0	3	/	1	9	9	0	,	*	*	*	-	*	*	-	7	8	6	1	,	A	Z
5	7	6	,	L	a	u	r	a	,	K	i	n	g	,	0	6	/	0	4	/	1	9	7	1	,	*	*	*	-	*	*	-	5	0	4	0	,	A	Z
1	1	,	R	o	b	e	r	t	,	M	e	n	d	o	z	a	,	0	4	/	2	3	/	1	9	8	2	,	*	*	*	-	*	*	-	0	6	2	7	,	I	A
8	0	,	J	e	s	s	i	c	a	,	B	l	a	c	k	,	1	2	/	1	1	/	1	9	8	1	,	*	*	*	-	*	*	-	6	2	9	6	,	K	Y
7	7	,	C	y	n	t	h	i	a	,	D	u	f	f	y	,	0	7	/	0	8	/	1	9	9	0	,	*	*	*	-	*	*	-	0	5	0	0	,	N	C
5	5	5	,	A	a	r	o	n	,	H	e	n	r	y	,	1	0	/	1	5	/	1	9	7	8	,	*	*	*	-	*	*	-	3	3	7	9	,	M	I
9	5	,	A	u	t	u	m	n	,	P	e	t	e	r	s	o	n	,	0	1	/	0	2	/	1	9	6	5	,	*	*	*	-	*	*	-	9	7	6	3	,	O	K
5	9	5	,	D	a	n	i	e	l	l	e	,	M	u	r	p	h	y	,	0	8	/	1	5	/	1	9	6	3	,	*	*	*	-	*	*	-	0	4	1	3	,	T	X
5	4	3	,	D	e	b	o	r	a	h	,	H	o	f	f	m	a	n	,	1	0	/	2	0	/	1	9	8	6	,	*	*	*	-	*	*	-	9	6	9	0	,	M	T
2	2	7	,	K	a	t	h	y	,	P	a	l	m	e	r	,	0	7	/	1	9	/	1	9	7	2	,	*	*	*	-	*	*	-	3	9	3	4	,	A	R
5	7	2	,	T	i	m	,	S	m	i	t	h	,	0	4	/	2	2	/	1	9	6	7	,	*	*	*	-	*	*	-	8	0	4	7	,	N	C
3	8	7	,	R	e	n	e	e	,	C	a	m	p	b	e	l	l	,	1	1	/	0	9	/	1	9	7	0	,	*	*	*	-	*	*	-	2	5	9	4	,	M	O
3	8	0	,	B	r	y	a	n	,	M	c	d	a	n	i	e	l	,	0	4	/	1	9	/	1	9	5	9	,	*	*	*	-	*	*	-	4	6	5	9	,	F	L
2	0	3	,	R	h	o	n	d	a	,	F	l	o	r	e	s	,	1	2	/	1	3	/	1	9	7	4	,	*	*	*	-	*	*	-	3	7	5	4	,	W	V
6	3	6	,	J	o	n	a	t	h	a	n	,	W	r	i	g	h	t	,	0	6	/	1	7	/	1	9	6	3	,	*	*	*	-	*	*	-	8	4	9	0	,	M	O
2	5	6	,	S	y	d	n	e	y	,	K	i	n	g	,	0	1	/	1	2	/	1	9	7	7	,	*	*	*	-	*	*	-	5	9	2	3	,	F	L
8	5	,	J	a	n	e	t	,	G	o	n	z	a	l	e	s	,	1	2	/	0	8	/	1	9	7	2	,	*	*	*	-	*	*	-	0	2	4	3	,	U	T
5	2	0	,	S	t	e	v	e	,	R	u	s	s	e	l	l	,	0	8	/	1	9	/	1	9	7	8	,	*	*	*	-	*	*	-	9	8	2	0	,	W	A
2	3	3	,	C	r	a	i	g	,	P	e	n	n	i	n	g	t	o	n	,	1	2	/	2	5	/	1	9	5	7	,	*	*	*	-	*	*	-	8	2	4	8	,	N	D
4	1	0	,	A	n	d	r	e	w	,	T	h	o	m	a	s	,	0	4	/	1	1	/	1	9	6	3	,	*	*	*	-	*	*	-	7	8	3	8	,	M	A
4	8	5	,	M	i	g	u	e	l	,	W	o	o	d	s	,	0	6	/	1	0	/	1	9	9	2	,	*	*	*	-	*	*	-	1	8	5	2	,	M	E
6	3	0	,	S	a	m	u	e	l	,	A	n	d	e	r	s	o	n	,	0	3	/	0	2	/	1	9	6	9	,	*	*	*	-	*	*	-	9	4	8	0	,	S	C
2	9	5	,	C	y	n	t	h	i	a	,	C	l	a	r	k	e	,	0	5	/	2	9	/	1	9	6	2	,	*	*	*	-	*	*	-	8	1	4	8	,	M	A
4	8	7	,	A	d	a	m	,	M	c	g	r	a	t	h	,	0	6	/	2	0	/	1	9	6	0	,	*	*	*	-	*	*	-	3	1	8	5	,	A	K
6	1	6	,	C	o	u	r	t	n	e	y	,	O	c	o	n	n	e	l	l	,	0	4	/	0	3	/	1	9	8	4	,	*	*	*	-	*	*	-	3	6	7	2	,	S	D
4	3	5	,	B	r	a	n	d	o	n	,	H	u	d	s	o	n	,	0	8	/	0	7	/	1	9	6	6	,	*	*	*	-	*	*	-	4	7	8	0	,	I	L
3	4	9	,	R	a	c	h	e	l	,	L	e	w	i	s	,	0	2	/	0	6	/	1	9	8	5	,	*	*	*	-	*	*	-	5	2	1	3	,	G	A
5	5	7	,	M	a	n	u	e	l	,	R	o	d	r	i	g	u	e	z	,	0	3	/	0	7	/	1	9	8	1	,	*	*	*	-	*	*	-	0	0	4	2	,	W	A
4	2	5	,	G	r	e	g	o	r	y	,	W	i	l	k	i	n	s	o	n	,	0	8	/	2	3	/	1	9	8	4	,	*	*	*	-	*	*	-	6	3	9	5	,	N	C
2	7	3	,	D	o	n	n	a	,	L	o	p	e	z	,	0	8	/	0	3	/	1	9	6	2	,	*	*	*	-	*	*	-	6	3	6	0	,	N	H
6	9	,	D	a	v	i	d	,	S	c	o	t	t	,	0	3	/	1	0	/	1	9	9	2	,	*	*	*	-	*	*	-	0	7	4	9	,	M	S
5	7	1	,	G	r	e	g	o	r	y	,	M	a	x	w	e	l	l	,	1	1	/	2	1	/	1	9	7	7	,	*	*	*	-	*	*	-	7	0	5	7	,	N	V
1	6	9	,	D	a	n	i	e	l	,	W	i	l	k	i	n	s	,	0	9	/	2	4	/	1	9	7	5	,	*	*	*	-	*	*	-	4	8	7	0	,	M	S
4	9	5	,	J	o	n	a	t	h	a	n	,	H	e	n	r	y	,	0	6	/	0	8	/	1	9	8	9	,	*	*	*	-	*	*	-	2	0	2	6	,	M	T
3	5	0	,	H	e	a	t	h	e	r	,	S	h	e	p	h	e	r	d	,	0	9	/	1	7	/	1	9	8	4	,	*	*	*	-	*	*	-	2	5	2	7	,	W	A
3	9	5	,	C	i	n	d	y	,	M	u	n	o	z	,	1	0	/	3	0	/	1	9	8	6	,	*	*	*	-	*	*	-	0	4	3	5	,	N	H
7	5	,	D	a	l	t	o	n	,	B	o	w	m	a	n	,	1	2	/	2	4	/	1	9	7	7	,	*	*	*	-	*	*	-	8	7	9	2	,	M	E
2	4	4	,	J	o	n	,	C	l	a	r	k	,	0	6	/	1	8	/	1	9	6	7	,	*	*	*	-	*	*	-	8	7	7	1	,	T	N
5	0	9	,	A	m	b	e	r	,	M	e	y	e	r	,	0	9	/	0	4	/	1	9	8	3	,	*	*	*	-	*	*	-	5	6	0	4	,	L	A
3	3	9	,	S	t	e	v	e	n	,	M	a	d	d	e	n	,	0	6	/	1	8	/	1	9	7	2	,	*	*	*	-	*	*	-	9	7	6	7	,	I	N
5	3	4	,	V	i	c	t	o	r	i	a	,	L	e	w	i	s	,	0	1	/	0	4	/	1	9	7	1	,	*	*	*	-	*	*	-	6	2	8	3	,	W	A
4	1	9	,	K	a	r	l	,	D	u	d	l	e	y	,	1	2	/	1	4	/	1	9	7	4	,	*	*	*	-	*	*	-	6	6	4	9	,	T	X
3	8	6	,	A	l	i	c	i	a	,	S	t	o	n	e	,	1	2	/	2	4	/	1	9	6	6	,	*	*	*	-	*	*	-	8	3	2	4	,	C	O
3	2	8	,	M	a	x	,	M	c	k	a	y	,	0	8	/	1	7	/	1	9	6	0	,	*	*	*	-	*	*	-	4	9	1	8	,	S	C
6	1	2	,	R	i	c	h	a	r	d	,	B	r	o	w	n	,	0	6	/	3	0	/	1	9	7	9	,	*	*	*	-	*	*	-	0	1	1	7	,	M	T
5	0	2	,	H	e	a	t	h	e	r	,	C	a	s	e	,	1	2	/	2	2	/	1	9	7	1	,	*	*	*	-	*	*	-	1	6	9	8	,	A	R
3	9	0	,	A	m	y	,	G	o	n	z	a	l	e	z	,	1	0	/	1	2	/	1	9	6	5	,	*	*	*	-	*	*	-	2	1	5	0	,	U	T
4	0	4	,	B	r	a	n	d	o	n	,	A	r	m	s	t	r	o	n	g	,	1	2	/	1	2	/	1	9	7	3	,	*	*	*	-	*	*	-	5	6	5	8	,	A	Z
1	5	9	,	T	e	r	r	a	n	c	e	,	E	w	i	n	g	,	0	1	/	1	5	/	1	9	8	1	,	*	*	*	-	*	*	-	5	3	4	0	,	V	A
1	1	5	,	J	e	s	s	i	c	a	,	B	o	y	d	,	0	4	/	2	7	/	1	9	6	0	,	*	*	*	-	*	*	-	9	7	8	4	,	V	A
4	2	2	,	C	o	r	e	y	,	T	a	y	l	o	r	,	0	3	/	0	9	/	1	9	6	6	,	*	*	*	-	*	*	-	4	5	7	8	,	M	S
2	5	0	,	F	r	a	n	k	,	B	l	a	n	k	e	n	s	h	i	p	,	1	1	/	1	7	/	1	9	5	8	,	*	*	*	-	*	*	-	3	5	9	1	,	M	S
6	3	8	,	M	o	n	i	c	a	,	M	o	n	t	g	o	m	e	r	y	,	1	0	/	1	4	/	1	9	7	5	,	*	*	*	-	*	*	-	3	1	5	8	,	M	S
4	1	4	,	T	a	m	m	y	,	P	a	t	r	i	c	k	,	0	9	/	0	7	/	1	9	6	1	,	*	*	*	-	*	*	-	7	3	8	1	,	N	M
1	2	7	,	C	o	r	e	y	,	S	a	w	y	e	r	,	0	8	/	1	3	/	1	9	8	2	,	*	*	*	-	*	*	-	9	1	1	4	,	D	E
4	4	0	,	L	i	n	d	a	,	A	n	t	h	o	n	y	,	0	1	/	2	3	/	1	9	9	4	,	*	*	*	-	*	*	-	7	2	9	8	,	S	D
5	9	4	,	T	r	a	v	i	s	,	P	a	t	r	i	c	k	,	1	0	/	1	2	/	1	9	6	7	,	*	*	*	-	*	*	-	7	9	6	8	,	T	N
1	1	4	,	L	i	n	d	a	,	D	a	v	i	s	,	0	8	/	0	8	/	1	9	7	5	,	*	*	*	-	*	*	-	0	6	2	0	,	C	T
1	0	9	,	A	n	t	h	o	n	y	,	A	d	a	m	s	,	0	2	/	0	9	/	1	9	6	2	,	*	*	*	-	*	*	-	1	3	9	6	,	V	T
5	1	5	,	C	h	r	i	s	t	o	p	h	e	r	,	J	o	h	n	s	o	n	,	1	1	/	0	3	/	1	9	5	9	,	*	*	*	-	*	*	-	5	5	4	7	,	C	T
3	1	,	T	r	a	c	y	,	A	u	s	t	i	n	,	0	8	/	0	6	/	1	9	8	0	,	*	*	*	-	*	*	-	1	9	0	4	,	R	I
6	0	5	,	M	a	t	t	h	e	w	,	W	o	o	d	w	a	r	d	,	0	3	/	2	6	/	1	9	7	8	,	*	*	*	-	*	*	-	6	6	6	7	,	I	D
4	2	1	,	D	o	n	n	a	,	C	o	l	e	,	0	1	/	1	9	/	1	9	7	3	,	*	*	*	-	*	*	-	3	4	0	1	,	N	Y
5	3	6	,	A	l	e	x	i	s	,	A	l	l	e	n	,	0	8	/	1	1	/	1	9	6	3	,	*	*	*	-	*	*	-	6	4	4	9	,	T	N
2	6	7	,	S	t	e	p	h	e	n	,	P	a	r	k	e	r	,	0	3	/	1	8	/	1	9	6	7	,	*	*	*	-	*	*	-	9	2	8	8	,	C	O
2	1	0	,	N	i	c	o	l	e	,	J	o	h	n	s	o	n	,	0	5	/	0	1	/	1	9	6	3	,	*	*	*	-	*	*	-	0	2	6	5	,	P	A
5	6	0	,	D	a	n	i	e	l	,	G	r	e	e	n	,	0	6	/	1	6	/	1	9	7	6	,	*	*	*	-	*	*	-	7	9	1	5	,	A	K
3	0	2	,	D	y	l	a	n	,	A	d	a	m	s	,	0	4	/	1	6	/	1	9	6	6	,	*	*	*	-	*	*	-	4	5	9	7	,	C	O
6	4	0	,	J	a	s	o	n	,	D	a	v	i	s	,	0	6	/	0	6	/	1	9	7	0	,	*	*	*	-	*	*	-	5	6	2	7	,	L	A
4	4	9	,	J	e	n	n	i	f	e	r	,	C	o	n	r	a	d	,	1	0	/	0	8	/	1	9	7	3	,	*	*	*	-	*	*	-	2	8	7	4	,	W	Y
2	0	2	,	S	t	e	p	h	e	n	,	D	a	w	s	o	n	,	0	6	/	3	0	/	1	9	8	5	,	*	*	*	-	*	*	-	5	7	4	1	,	A	Z
1	6	8	,	D	o	u	g	l	a	s	,	S	m	i	t	h	,	0	4	/	0	7	/	1	9	8	1	,	*	*	*	-	*	*	-	9	0	2	8	,	M	A
1	1	9	,	D	i	a	n	e	,	G	r	a	y	,	1	0	/	2	6	/	1	9	6	8	,	*	*	*	-	*	*	-	1	6	5	4	,	H	I
6	1	3	,	B	e	n	j	a	m	i	n	,	G	o	r	d	o	n	,	0	7	/	2	6	/	1	9	7	4	,	*	*	*	-	*	*	-	3	9	4	0	,	C	O
4	7	3	,	S	t	e	p	h	a	n	i	e	,	M	i	l	l	e	r	,	0	9	/	0	8	/	1	9	8	3	,	*	*	*	-	*	*	-	8	8	8	5	,	L	A
6	1	5	,	L	y	n	n	,	S	t	o	u	t	,	0	9	/	1	7	/	1	9	7	3	,	*	*	*	-	*	*	-	6	5	3	1	,	M	E
1	0	,	M	a	l	i	k	,	S	c	o	t	t	,	0	2	/	0	2	/	1	9	5	8	,	*	*	*	-	*	*	-	4	2	6	1	,	I	D
8	6	,	D	a	v	i	d	,	B	r	o	w	n	,	0	7	/	2	8	/	1	9	7	3	,	*	*	*	-	*	*	-	5	7	0	6	,	O	K
5	0	0	,	N	a	t	h	a	n	,	J	e	n	k	i	n	s	,	0	1	/	1	1	/	1	9	6	8	,	*	*	*	-	*	*	-	6	4	6	8	,	W	I
3	8	,	M	a	r	i	a	,	B	r	y	a	n	t	,	0	7	/	1	7	/	1	9	7	0	,	*	*	*	-	*	*	-	3	5	0	5	,	M	A
6	3	3	,	M	i	c	h	a	e	l	,	G	r	i	f	f	i	n	,	0	9	/	1	5	/	1	9	6	3	,	*	*	*	-	*	*	-	4	1	2	0	,	W	A
5	3	0	,	N	a	t	h	a	n	,	S	m	i	t	h	,	0	4	/	1	7	/	1	9	7	9	,	*	*	*	-	*	*	-	9	3	3	4	,	C	A
1	7	7	,	J	a	m	e	s	,	J	a	c	k	s	o	n	,	0	6	/	0	1	/	1	9	5	8	,	*	*	*	-	*	*	-	4	5	9	5	,	C	A
2	6	6	,	E	r	i	k	a	,	J	o	n	e	s	,	0	2	/	0	2	/	1	9	7	7	,	*	*	*	-	*	*	-	1	5	5	2	,	A	L
4	,	S	t	e	p	h	a	n	i	e	,	L	e	o	n	,	0	4	/	0	6	/	1	9	6	7	,	*	*	*	-	*	*	-	0	5	8	0	,	D	E
1	2	,	A	n	t	h	o	n	y	,	W	a	l	k	e	r	,	1	2	/	2	5	/	1	9	6	9	,	*	*	*	-	*	*	-	5	2	8	4	,	R	I
4	7	7	,	R	i	c	h	a	r	d	,	B	r	o	o	k	s	,	1	0	/	1	7	/	1	9	6	2	,	*	*	*	-	*	*	-	5	2	9	5	,	K	Y
5	7	5	,	M	a	t	t	h	e	w	,	B	i	s	h	o	p	,	0	6	/	1	0	/	1	9	7	3	,	*	*	*	-	*	*	-	9	5	8	8	,	N	J
3	7	,	A	n	t	h	o	n	y	,	T	h	o	m	p	s	o	n	,	1	0	/	0	4	/	1	9	9	0	,	*	*	*	-	*	*	-	1	0	5	1	,	M	A
3	6	0	,	J	u	s	t	i	n	,	G	a	r	c	i	a	,	0	9	/	2	1	/	1	9	6	1	,	*	*	*	-	*	*	-	6	1	2	0	,	N	C
1	3	4	,	M	i	g	u	e	l	,	G	a	r	c	i	a	,	1	2	/	2	1	/	1	9	6	4	,	*	*	*	-	*	*	-	5	4	7	7	,	O	H
4	1	6	,	J	e	f	f	r	e	y	,	R	a	n	d	o	l	p	h	,	0	9	/	2	4	/	1	9	7	6	,	*	*	*	-	*	*	-	2	6	9	9	,	I	N
4	5	,	R	a	y	m	o	n	d	,	T	r	a	n	,	0	4	/	0	9	/	1	9	5	7	,	*	*	*	-	*	*	-	8	5	7	5	,	F	L
4	4	1	,	B	r	a	n	d	o	n	,	W	e	b	b	,	0	9	/	1	0	/	1	9	6	6	,	*	*	*	-	*	*	-	8	3	5	3	,	U	T
3	2	3	,	B	r	a	n	d	o	n	,	P	e	t	e	r	s	e	n	,	0	7	/	0	6	/	1	9	8	2	,	*	*	*	-	*	*	-	1	6	5	7	,	T	N
5	8	,	B	r	y	c	e	,	B	a	l	l	,	0	7	/	0	3	/	1	9	9	4	,	*	*	*	-	*	*	-	1	6	7	4	,	A	Z
6	3	9	,	B	l	a	k	e	,	W	a	t	k	i	n	s	,	0	2	/	2	5	/	1	9	7	3	,	*	*	*	-	*	*	-	0	5	7	2	,	N	C
4	8	4	,	G	r	e	g	o	r	y	,	M	o	r	a	l	e	s	,	0	8	/	2	1	/	1	9	6	0	,	*	*	*	-	*	*	-	5	6	0	5	,	C	O
5	0	,	A	l	y	s	s	a	,	W	a	l	l	,	0	8	/	2	4	/	1	9	6	4	,	*	*	*	-	*	*	-	2	6	4	3	,	W	A
5	3	3	,	C	y	n	t	h	i	a	,	G	a	r	c	i	a	,	1	1	/	1	1	/	1	9	6	0	,	*	*	*	-	*	*	-	2	0	2	4	,	I	D
6	1	1	,	A	m	b	e	r	,	W	i	l	l	i	a	m	s	,	1	2	/	0	3	/	1	9	6	9	,	*	*	*	-	*	*	-	7	5	1	5	,	N	M
5	6	3	,	S	t	e	v	e	,	S	t	a	r	k	,	0	7	/	0	2	/	1	9	5	7	,	*	*	*	-	*	*	-	7	3	9	0	,	M	I
5	6	2	,	C	h	a	r	l	e	s	,	B	a	i	r	d	,	0	2	/	2	9	/	1	9	6	8	,	*	*	*	-	*	*	-	2	7	1	0	,	F	L
5	5	9	,	M	a	c	k	e	n	z	i	e	,	H	a	l	l	,	0	2	/	2	8	/	1	9	9	0	,	*	*	*	-	*	*	-	6	8	6	2	,	A	L
4	8	1	,	A	a	r	o	n	,	K	i	n	g	,	0	5	/	2	9	/	1	9	6	4	,	*	*	*	-	*	*	-	8	7	9	2	,	S	D
1	9	5	,	J	o	s	h	u	a	,	P	e	r	e	z	,	0	2	/	0	8	/	1	9	8	4	,	*	*	*	-	*	*	-	1	2	2	6	,	G	A
1	8	6	,	A	l	e	x	a	n	d	e	r	,	V	a	l	d	e	z	,	1	0	/	2	4	/	1	9	7	5	,	*	*	*	-	*	*	-	7	8	3	3	,	N	D
1	6	0	,	A	s	h	l	e	y	,	S	a	n	t	o	s	,	0	6	/	1	8	/	1	9	8	3	,	*	*	*	-	*	*	-	4	8	8	4	,	A	L
1	4	3	,	J	o	s	h	u	a	,	S	t	e	p	h	e	n	s	,	0	4	/	1	1	/	1	9	8	8	,	*	*	*	-	*	*	-	9	5	2	8	,	V	T
4	9	2	,	S	t	e	v	e	n	,	L	o	n	g	,	0	8	/	1	8	/	1	9	9	4	,	*	*	*	-	*	*	-	4	5	9	4	,	T	X
6	,	J	a	c	k	,	J	a	c	k	s	o	n	,	0	7	/	0	5	/	1	9	7	5	,	*	*	*	-	*	*	-	4	7	3	4	,	N	Y
8	8	,	R	o	b	e	r	t	o	,	L	e	o	n	a	r	d	,	0	1	/	2	0	/	1	9	9	2	,	*	*	*	-	*	*	-	8	7	7	9	,	M	A
1	6	1	,	M	i	c	h	a	e	l	,	P	a	r	k	,	0	6	/	0	5	/	1	9	8	1	,	*	*	*	-	*	*	-	4	0	3	3	,	N	M
8	3	,	C	a	r	l	,	R	e	e	v	e	s	,	1	2	/	1	1	/	1	9	6	5	,	*	*	*	-	*	*	-	8	3	2	5	,	L	A
2	5	4	,	P	a	u	l	,	L	e	e	,	0	7	/	2	2	/	1	9	7	6	,	*	*	*	-	*	*	-	7	6	9	7	,	I	N
4	6	4	,	K	a	t	h	r	y	n	,	R	a	m	i	r	e	z	,	0	8	/	0	4	/	1	9	6	0	,	*	*	*	-	*	*	-	0	0	9	9	,	O	H
2	8	4	,	D	a	n	i	e	l	,	M	e	d	i	n	a	,	1	0	/	3	1	/	1	9	7	3	,	*	*	*	-	*	*	-	8	2	1	5	,	M	S
2	5	,	J	e	s	s	e	,	G	o	m	e	z	,	0	1	/	3	0	/	1	9	6	1	,	*	*	*	-	*	*	-	3	6	6	4	,	S	C
2	1	8	,	B	r	a	n	d	o	n	,	G	o	o	d	,	0	8	/	0	1	/	1	9	9	1	,	*	*	*	-	*	*	-	5	5	8	6	,	V	A
9	9	,	S	a	n	d	r	a	,	S	u	a	r	e	z	,	0	6	/	0	8	/	1	9	7	4	,	*	*	*	-	*	*	-	7	8	9	0	,	G	A
3	5	6	,	J	e	f	f	r	e	y	,	S	t	e	v	e	n	s	o	n	,	1	2	/	0	7	/	1	9	5	7	,	*	*	*	-	*	*	-	3	8	5	1	,	C	T
3	1	7	,	R	i	c	h	a	r	d	,	M	c	d	o	n	a	l	d	,	0	2	/	2	1	/	1	9	5	7	,	*	*	*	-	*	*	-	8	0	0	8	,	N	D
2	2	9	,	J	o	a	n	n	a	,	C	a	s	t	i	l	l	o	,	0	3	/	0	7	/	1	9	8	4	,	*	*	*	-	*	*	-	1	5	7	6	,	I	N
5	8	1	,	A	n	g	e	l	i	c	a	,	R	e	y	e	s	,	0	6	/	0	6	/	1	9	9	2	,	*	*	*	-	*	*	-	7	1	3	9	,	A	R
4	5	2	,	J	e	n	n	i	f	e	r	,	W	r	i	g	h	t	,	0	3	/	0	6	/	1	9	7	6	,	*	*	*	-	*	*	-	3	9	0	1	,	N	M
5	1	8	,	J	a	m	e	s	,	P	o	r	t	e	r	,	0	6	/	3	0	/	1	9	5	7	,	*	*	*	-	*	*	-	1	3	1	9	,	C	A
4	7	9	,	K	r	y	s	t	a	l	,	B	r	o	w	n	,	0	1	/	3	1	/	1	9	6	1	,	*	*	*	-	*	*	-	8	9	0	9	,	T	X
2	4	5	,	C	h	r	i	s	t	o	p	h	e	r	,	R	e	y	e	s	,	0	2	/	0	1	/	1	9	8	1	,	*	*	*	-	*	*	-	4	7	1	3	,	I	N
6	5	3	,	L	u	i	s	,	L	e	w	i	s	,	0	7	/	1	8	/	1	9	6	5	,	*	*	*	-	*	*	-	3	6	0	1	,	H	I
1	9	,	L	y	n	n	,	O	w	e	n	s	,	0	3	/	2	4	/	1	9	8	5	,	*	*	*	-	*	*	-	8	7	7	6	,	R	I
6	5	0	,	A	n	t	h	o	n	y	,	P	h	i	l	l	i	p	s	,	1	2	/	1	2	/	1	9	6	0	,	*	*	*	-	*	*	-	3	7	5	4	,	N	J
1	3	7	,	J	e	s	s	i	c	a	,	M	c	d	o	n	a	l	d	,	1	2	/	2	9	/	1	9	7	0	,	*	*	*	-	*	*	-	2	9	1	1	,	M	S
6	1	9	,	M	i	c	h	e	l	l	e	,	A	l	l	e	n	,	0	9	/	1	3	/	1	9	7	2	,	*	*	*	-	*	*	-	8	1	4	7	,	T	N
6	5	4	,	V	i	c	t	o	r	,	W	e	b	b	,	0	1	/	1	7	/	1	9	5	9	,	*	*	*	-	*	*	-	2	2	6	7	,	T	N
2	0	1	,	M	a	r	t	i	n	,	M	e	l	t	o	n	,	0	4	/	0	6	/	1	9	7	2	,	*	*	*	-	*	*	-	7	9	7	8	,	N	Y
1	6	5	,	P	a	m	e	l	a	,	M	i	l	e	s	,	1	1	/	1	5	/	1	9	6	2	,	*	*	*	-	*	*	-	5	3	1	2	,	N	C
3	1	0	,	C	h	r	i	s	t	o	p	h	e	r	,	C	o	m	p	t	o	n	,	0	9	/	0	5	/	1	9	5	8	,	*	*	*	-	*	*	-	6	8	5	5	,	S	C
1	4	1	,	A	n	n	e	t	t	e	,	R	i	c	e	,	0	3	/	1	5	/	1	9	5	9	,	*	*	*	-	*	*	-	1	8	6	6	,	F	L
6	0	0	,	T	r	a	v	i	s	,	M	e	z	a	,	0	1	/	1	0	/	1	9	7	4	,	*	*	*	-	*	*	-	4	3	1	3	,	N	J
5	2	9	,	B	r	i	a	n	,	B	a	k	e	r	,	0	7	/	2	8	/	1	9	7	6	,	*	*	*	-	*	*	-	2	8	3	9	,	I	L
3	6	9	,	S	h	a	r	o	n	,	L	e	e	,	1	0	/	2	3	/	1	9	6	7	,	*	*	*	-	*	*	-	7	5	9	6	,	D	E
3	2	,	B	r	i	a	n	,	S	p	a	r	k	s	,	0	2	/	1	4	/	1	9	6	7	,	*	*	*	-	*	*	-	8	1	9	4	,	H	I
5	2	2	,	D	a	n	a	,	R	y	a	n	,	1	0	/	1	0	/	1	9	6	2	,	*	*	*	-	*	*	-	3	7	6	1	,	V	A
6	5	1	,	M	a	r	i	a	,	S	t	e	v	e	n	s	,	0	5	/	1	2	/	1	9	5	8	,	*	*	*	-	*	*	-	9	1	1	3	,	C	A
6	0	8	,	J	u	l	i	a	,	B	e	r	r	y	,	0	6	/	1	7	/	1	9	6	0	,	*	*	*	-	*	*	-	3	7	5	9	,	N	H
3	3	6	,	S	a	r	a	h	,	W	i	l	l	i	a	m	s	,	0	9	/	1	2	/	1	9	6	4	,	*	*	*	-	*	*	-	3	8	8	2	,	I	A
5	1	6	,	T	r	e	v	o	r	,	S	h	o	r	t	,	0	7	/	2	9	/	1	9	8	0	,	*	*	*	-	*	*	-	2	4	8	8	,	N	D
5	1	4	,	M	i	c	h	a	e	l	,	J	o	h	n	s	o	n	,	0	4	/	1	1	/	1	9	6	2	,	*	*	*	-	*	*	-	6	0	1	5	,	M	E
4	2	6	,	L	o	u	i	s	,	C	r	o	s	s	,	1	1	/	1	3	/	1	9	5	9	,	*	*	*	-	*	*	-	7	1	1	1	,	C	O
4	9	7	,	R	y	a	n	,	S	m	i	t	h	,	0	4	/	2	4	/	1	9	6	4	,	*	*	*	-	*	*	-	2	2	2	8	,	O	K
4	6	8	,	J	o	a	n	,	C	a	r	t	e	r	,	0	1	/	0	6	/	1	9	6	4	,	*	*	*	-	*	*	-	8	0	9	2	,	K	Y
2	4	,	K	a	r	e	n	,	F	r	a	n	k	l	i	n	,	0	6	/	1	7	/	1	9	6	7	,	*	*	*	-	*	*	-	4	8	8	8	,	V	T
2	2	1	,	C	h	r	i	s	t	i	a	n	,	P	a	l	m	e	r	,	0	4	/	3	0	/	1	9	9	2	,	*	*	*	-	*	*	-	6	1	0	4	,	A	L
2	1	7	,	K	r	i	s	t	o	p	h	e	r	,	S	m	i	t	h	,	1	0	/	2	0	/	1	9	8	2	,	*	*	*	-	*	*	-	3	5	4	5	,	H	I
3	9	9	,	C	h	e	r	y	l	,	V	e	l	e	z	,	0	7	/	2	1	/	1	9	6	3	,	*	*	*	-	*	*	-	3	3	0	0	,	T	N
2	8	5	,	J	e	f	f	r	e	y	,	H	a	r	r	i	s	,	1	2	/	2	0	/	1	9	9	3	,	*	*	*	-	*	*	-	9	6	2	5	,	M	S
2	1	,	J	a	m	i	e	,	D	o	y	l	e	,	0	6	/	1	1	/	1	9	8	4	,	*	*	*	-	*	*	-	1	5	2	9	,	N	V
4	4	7	,	A	d	a	m	,	S	i	m	s	,	1	2	/	2	0	/	1	9	7	3	,	*	*	*	-	*	*	-	6	3	3	7	,	I	D
6	0	1	,	J	o	s	h	u	a	,	G	r	i	f	f	i	t	h	,	0	8	/	0	1	/	1	9	8	4	,	*	*	*	-	*	*	-	3	3	4	4	,	H	I
3	7	8	,	D	o	n	a	l	d	,	K	o	c	h	,	1	0	/	0	2	/	1	9	8	9	,	*	*	*	-	*	*	-	5	7	8	8	,	C	T
5	4	8	,	W	e	n	d	y	,	L	e	o	n	a	r	d	,	0	3	/	1	8	/	1	9	5	7	,	*	*	*	-	*	*	-	7	9	6	2	,	H	I
4	2	,	D	a	n	a	,	H	u	b	b	a	r	d	,	0	8	/	0	6	/	1	9	8	0	,	*	*	*	-	*	*	-	4	7	0	0	,	F	L
3	4	4	,	B	r	e	t	t	,	C	a	r	s	o	n	,	0	2	/	2	7	/	1	9	7	0	,	*	*	*	-	*	*	-	5	3	3	8	,	O	K
2	5	2	,	E	r	i	c	a	,	P	e	t	e	r	s	,	1	1	/	0	5	/	1	9	8	0	,	*	*	*	-	*	*	-	0	3	4	1	,	S	C
4	2	8	,	W	i	l	l	i	a	m	,	C	a	r	t	e	r	,	0	1	/	3	1	/	1	9	8	9	,	*	*	*	-	*	*	-	1	9	5	4	,	V	T
2	2	0	,	K	a	r	e	n	,	T	a	y	l	o	r	,	0	1	/	2	9	/	1	9	8	6	,	*	*	*	-	*	*	-	6	2	4	3	,	A	Z
1	1	8	,	V	i	r	g	i	n	i	a	,	C	o	b	b	,	1	2	/	0	4	/	1	9	7	8	,	*	*	*	-	*	*	-	9	3	0	7	,	M	I
6	1	8	,	T	a	m	a	r	a	,	W	a	t	s	o	n	,	0	8	/	1	8	/	1	9	6	8	,	*	*	*	-	*	*	-	6	3	2	9	,	N	J
3	7	0	,	J	o	h	n	,	M	i	d	d	l	e	t	o	n	,	0	7	/	2	4	/	1	9	8	3	,	*	*	*	-	*	*	-	7	3	5	4	,	O	R
2	3	,	A	l	e	x	,	C	r	u	z	,	1	2	/	2	3	/	1	9	6	4	,	*	*	*	-	*	*	-	4	7	4	4	,	C	T
5	1	1	,	T	h	e	r	e	s	a	,	C	r	a	w	f	o	r	d	,	0	1	/	0	8	/	1	9	7	3	,	*	*	*	-	*	*	-	9	2	7	6	,	I	L
4	3	,	G	l	e	n	n	,	C	h	a	v	e	z	,	1	1	/	2	9	/	1	9	7	0	,	*	*	*	-	*	*	-	5	2	4	6	,	N	E
3	1	1	,	C	a	r	r	i	e	,	D	a	v	i	s	,	0	7	/	1	6	/	1	9	6	3	,	*	*	*	-	*	*	-	7	3	9	9	,	W	I
1	3	6	,	M	i	c	h	a	e	l	,	H	a	y	n	e	s	,	0	9	/	1	3	/	1	9	7	4	,	*	*	*	-	*	*	-	3	3	4	6	,	N	E
7	2	,	M	i	c	h	e	l	e	,	A	r	e	l	l	a	n	o	,	0	4	/	1	2	/	1	9	8	1	,	*	*	*	-	*	*	-	5	8	7	5	,	I	N
6	5	,	G	i	n	a	,	S	t	e	v	e	n	s	,	0	4	/	0	5	/	1	9	9	2	,	*	*	*	-	*	*	-	2	3	5	9	,	P	A
5	7	7	,	E	l	i	z	a	b	e	t	h	,	H	a	t	f	i	e	l	d	,	0	4	/	0	7	/	1	9	5	9	,	*	*	*	-	*	*	-	7	8	2	1	,	N	M
3	5	,	M	i	c	h	a	e	l	,	R	e	y	e	s	,	0	7	/	2	1	/	1	9	5	8	,	*	*	*	-	*	*	-	1	8	4	2	,	F	L
2	9	6	,	S	p	e	n	c	e	r	,	W	i	l	s	o	n	,	0	9	/	1	8	/	1	9	5	9	,	*	*	*	-	*	*	-	7	7	5	3	,	I	N
5	7	8	,	K	e	v	i	n	,	S	m	i	t	h	,	0	8	/	2	6	/	1	9	9	2	,	*	*	*	-	*	*	-	8	5	8	2	,	I	N
9	8	,	S	t	e	v	e	n	,	G	i	l	e	s	,	1	1	/	1	9	/	1	9	8	0	,	*	*	*	-	*	*	-	2	0	6	1	,	V	A
5	6	9	,	M	a	r	i	o	,	B	u	t	l	e	r	,	0	5	/	0	3	/	1	9	7	9	,	*	*	*	-	*	*	-	3	0	3	5	,	M	A
2	4	8	,	B	i	l	l	y	,	R	o	m	e	r	o	,	0	1	/	2	9	/	1	9	5	8	,	*	*	*	-	*	*	-	3	1	0	0	,	V	T
4	3	3	,	K	a	t	i	e	,	M	i	l	l	e	r	,	0	7	/	0	9	/	1	9	7	0	,	*	*	*	-	*	*	-	7	5	7	9	,	M	A
3	0	7	,	W	i	l	l	i	a	m	,	S	a	l	i	n	a	s	,	0	4	/	2	4	/	1	9	8	3	,	*	*	*	-	*	*	-	6	0	1	3	,	M	O
3	9	8	,	K	e	n	d	r	a	,	A	l	v	a	r	a	d	o	,	1	0	/	0	7	/	1	9	5	7	,	*	*	*	-	*	*	-	0	6	3	3	,	C	A
6	0	,	K	i	m	b	e	r	l	y	,	W	r	i	g	h	t	,	0	3	/	2	0	/	1	9	7	9	,	*	*	*	-	*	*	-	9	0	2	2	,	O	H
2	8	2	,	J	u	d	y	,	N	e	l	s	o	n	,	1	0	/	1	7	/	1	9	6	8	,	*	*	*	-	*	*	-	2	0	1	2	,	N	V
4	3	6	,	A	l	e	x	a	n	d	r	a	,	G	o	l	d	e	n	,	0	4	/	0	8	/	1	9	7	8	,	*	*	*	-	*	*	-	3	4	1	8	,	N	D
3	1	8	,	P	a	t	r	i	c	i	a	,	P	a	r	k	,	0	7	/	2	8	/	1	9	6	5	,	*	*	*	-	*	*	-	5	7	7	5	,	C	O
4	9	4	,	K	y	l	i	e	,	C	h	a	v	e	z	,	0	1	/	1	0	/	1	9	6	5	,	*	*	*	-	*	*	-	3	8	1	6	,	C	T
6	4	4	,	R	a	n	d	y	,	E	d	w	a	r	d	s	,	0	6	/	2	9	/	1	9	8	0	,	*	*	*	-	*	*	-	9	0	8	7	,	O	R
4	1	3	,	G	l	e	n	d	a	,	H	e	b	e	r	t	,	0	5	/	1	8	/	1	9	8	7	,	*	*	*	-	*	*	-	7	6	2	5	,	N	Y
3	4	5	,	E	r	i	n	,	G	a	r	r	e	t	t	,	0	4	/	2	9	/	1	9	8	0	,	*	*	*	-	*	*	-	5	8	1	5	,	S	D
1	2	3	,	D	o	n	n	a	,	F	l	o	y	d	,	0	3	/	3	0	/	1	9	5	7	,	*	*	*	-	*	*	-	1	8	1	9	,	S	D
2	0	8	,	B	r	a	n	d	o	n	,	W	a	t	s	o	n	,	0	2	/	1	2	/	1	9	7	4	,	*	*	*	-	*	*	-	3	3	7	5	,	P	A
3	4	6	,	P	a	u	l	,	P	a	t	t	e	r	s	o	n	,	0	2	/	2	2	/	1	9	8	5	,	*	*	*	-	*	*	-	4	7	2	9	,	P	A
3	8	5	,	H	a	n	n	a	h	,	H	e	n	d	e	r	s	o	n	,	1	2	/	2	1	/	1	9	6	0	,	*	*	*	-	*	*	-	5	8	9	7	,	P	A
4	5	4	,	A	u	t	u	m	n	,	S	m	i	t	h	,	0	7	/	2	4	/	1	9	7	4	,	*	*	*	-	*	*	-	7	2	7	9	,	C	A
2	0	9	,	S	t	e	v	e	n	,	C	o	n	t	r	e	r	a	s	,	0	5	/	3	1	/	1	9	8	6	,	*	*	*	-	*	*	-	6	8	5	2	,	D	E
2	7	1	,	M	i	g	u	e	l	,	R	u	s	s	e	l	l	,	0	9	/	2	5	/	1	9	8	6	,	*	*	*	-	*	*	-	0	3	0	2	,	U	T
1	5	2	,	K	i	m	,	M	a	r	t	i	n	,	0	8	/	0	3	/	1	9	6	4	,	*	*	*	-	*	*	-	3	4	5	2	,	S	C
2	8	3	,	H	e	i	d	i	,	P	r	o	c	t	o	r	,	0	1	/	3	1	/	1	9	9	3	,	*	*	*	-	*	*	-	9	5	4	5	,	O	H
5	9	2	,	N	i	c	h	o	l	a	s	,	M	a	y	,	0	6	/	1	9	/	1	9	7	6	,	*	*	*	-	*	*	-	8	7	2	8	,	K	S
4	6	9	,	M	i	c	h	a	e	l	,	N	u	n	e	z	,	0	6	/	2	2	/	1	9	8	2	,	*	*	*	-	*	*	-	9	3	7	9	,	W	V
3	0	6	,	G	r	e	g	o	r	y	,	B	o	w	e	n	,	0	7	/	0	5	/	1	9	8	1	,	*	*	*	-	*	*	-	1	5	1	0	,	O	H
2	3	7	,	J	e	n	n	i	f	e	r	,	J	u	a	r	e	z	,	0	6	/	3	0	/	1	9	6	9	,	*	*	*	-	*	*	-	9	0	0	9	,	O	K
4	5	7	,	A	p	r	i	l	,	W	i	l	l	i	a	m	s	o	n	,	1	0	/	2	5	/	1	9	9	0	,	*	*	*	-	*	*	-	8	3	1	8	,	K	S
2	9	3	,	F	r	a	n	c	i	s	c	o	,	S	m	i	t	h	,	0	8	/	1	2	/	1	9	7	2	,	*	*	*	-	*	*	-	1	8	3	6	,	N	D
3	7	4	,	R	o	g	e	r	,	T	a	y	l	o	r	,	1	1	/	0	2	/	1	9	7	5	,	*	*	*	-	*	*	-	6	2	9	3	,	G	A
2	7	6	,	G	a	b	r	i	e	l	a	,	W	i	l	l	i	a	m	s	,	0	1	/	1	0	/	1	9	7	6	,	*	*	*	-	*	*	-	5	7	9	2	,	A	Z
1	1	2	,	S	t	e	p	h	a	n	i	e	,	P	i	t	t	m	a	n	,	1	2	/	0	5	/	1	9	6	5	,	*	*	*	-	*	*	-	0	8	4	0	,	M	D
3	3	3	,	S	a	r	a	h	,	P	o	r	t	e	r	,	0	8	/	0	9	/	1	9	6	2	,	*	*	*	-	*	*	-	3	9	9	7	,	A	Z
5	4	6	,	E	r	n	e	s	t	,	C	o	o	p	e	r	,	0	9	/	2	4	/	1	9	7	1	,	*	*	*	-	*	*	-	2	0	0	3	,	N	J
4	9	6	,	A	l	e	x	a	n	d	r	a	,	F	i	s	h	e	r	,	0	3	/	0	6	/	1	9	7	6	,	*	*	*	-	*	*	-	2	2	0	6	,	A	K
5	0	4	,	H	e	n	r	y	,	T	u	r	n	e	r	,	1	1	/	2	0	/	1	9	8	4	,	*	*	*	-	*	*	-	7	9	5	4	,	O	K
1	2	6	,	C	h	a	r	l	e	s	,	R	o	g	e	r	s	,	0	8	/	3	1	/	1	9	8	4	,	*	*	*	-	*	*	-	8	4	0	7	,	N	V
4	1	8	,	K	e	i	t	h	,	L	y	n	c	h	,	0	2	/	2	6	/	1	9	8	8	,	*	*	*	-	*	*	-	4	8	0	3	,	I	A
5	6	6	,	L	i	n	d	s	a	y	,	B	o	w	m	a	n	,	0	8	/	2	4	/	1	9	7	2	,	*	*	*	-	*	*	-	8	8	9	5	,	A	L
2	4	9	,	J	e	n	n	i	f	e	r	,	L	u	t	z	,	0	7	/	0	5	/	1	9	9	0	,	*	*	*	-	*	*	-	2	9	4	3	,	R	I
6	2	4	,	M	a	r	k	,	M	i	l	l	s	,	1	1	/	2	0	/	1	9	6	2	,	*	*	*	-	*	*	-	7	4	0	6	,	A	R
3	5	8	,	D	a	w	n	,	T	h	o	m	a	s	,	0	8	/	0	5	/	1	9	6	0	,	*	*	*	-	*	*	-	0	9	4	2	,	N	C
1	9	7	,	K	e	i	t	h	,	T	y	l	e	r	,	0	5	/	1	0	/	1	9	7	5	,	*	*	*	-	*	*	-	7	9	5	3	,	M	O
5	3	8	,	J	o	s	e	p	h	,	S	m	i	t	h	,	0	3	/	1	2	/	1	9	6	0	,	*	*	*	-	*	*	-	3	8	3	6	,	L	A
1	6	4	,	M	i	c	h	a	e	l	,	D	u	d	l	e	y	,	0	3	/	1	0	/	1	9	6	6	,	*	*	*	-	*	*	-	3	4	5	9	,	S	D
4	5	0	,	B	l	a	k	e	,	B	o	w	m	a	n	,	0	1	/	1	7	/	1	9	6	1	,	*	*	*	-	*	*	-	8	0	7	6	,	N	D
6	0	2	,	A	m	y	,	G	r	a	v	e	s	,	0	8	/	2	2	/	1	9	9	4	,	*	*	*	-	*	*	-	9	4	4	8	,	S	C
2	3	9	,	R	o	b	e	r	t	,	H	i	l	l	,	1	0	/	0	3	/	1	9	6	8	,	*	*	*	-	*	*	-	8	9	0	2	,	A	R
6	2	7	,	R	o	b	e	r	t	,	D	a	v	i	s	,	0	8	/	1	3	/	1	9	8	8	,	*	*	*	-	*	*	-	5	4	0	5	,	M	D
4	5	9	,	T	a	m	m	y	,	H	o	r	t	o	n	,	0	3	/	0	6	/	1	9	8	1	,	*	*	*	-	*	*	-	0	6	7	7	,	R	I
3	9	4	,	A	l	l	i	s	o	n	,	W	a	t	k	i	n	s	,	0	3	/	2	7	/	1	9	9	2	,	*	*	*	-	*	*	-	1	6	0	5	,	N	V
5	5	4	,	J	a	m	e	s	,	M	a	t	h	i	s	,	1	1	/	2	9	/	1	9	8	9	,	*	*	*	-	*	*	-	3	2	7	6	,	I	A
9	0	,	S	a	b	r	i	n	a	,	S	h	e	l	t	o	n	,	0	2	/	0	3	/	1	9	5	8	,	*	*	*	-	*	*	-	2	6	6	8	,	I	D
3	6	4	,	R	a	c	h	e	l	,	C	o	l	e	m	a	n	,	1	0	/	2	6	/	1	9	8	3	,	*	*	*	-	*	*	-	7	6	3	8	,	S	D
5	7	4	,	W	i	l	l	i	a	m	,	C	a	n	t	r	e	l	l	,	0	8	/	1	7	/	1	9	7	3	,	*	*	*	-	*	*	-	4	7	0	6	,	C	A
6	0	7	,	D	o	n	n	a	,	C	a	r	r	o	l	l	,	0	9	/	1	6	/	1	9	6	8	,	*	*	*	-	*	*	-	9	1	2	7	,	M	A
1	5	7	,	T	a	m	m	y	,	H	a	r	r	i	s	,	0	1	/	2	6	/	1	9	6	1	,	*	*	*	-	*	*	-	8	2	8	3	,	O	H
2	4	1	,	D	e	b	r	a	,	P	e	n	a	,	1	0	/	1	6	/	1	9	5	7	,	*	*	*	-	*	*	-	9	8	7	2	,	M	N
5	5	8	,	J	a	m	e	s	,	R	e	i	l	l	y	,	0	3	/	0	1	/	1	9	5	7	,	*	*	*	-	*	*	-	7	9	3	5	,	S	D
3	2	4	,	R	o	b	e	r	t	,	K	r	a	u	s	e	,	0	3	/	1	1	/	1	9	5	7	,	*	*	*	-	*	*	-	5	2	4	6	,	N	M
1	8	3	,	C	h	a	d	,	C	r	a	w	f	o	r	d	,	1	1	/	0	5	/	1	9	9	0	,	*	*	*	-	*	*	-	0	6	3	8	,	I	L
3	8	1	,	L	u	k	e	,	H	u	e	r	t	a	,	0	1	/	0	5	/	1	9	8	6	,	*	*	*	-	*	*	-	5	9	1	2	,	M	I
5	0	5	,	C	o	r	e	y	,	L	o	n	g	,	0	9	/	0	6	/	1	9	7	8	,	*	*	*	-	*	*	-	9	7	8	7	,	M	O
4	3	7	,	J	o	s	h	u	a	,	F	l	o	r	e	s	,	1	0	/	3	0	/	1	9	8	7	,	*	*	*	-	*	*	-	5	7	2	7	,	N	E
1	3	5	,	J	e	f	f	e	r	y	,	C	o	l	l	i	n	s	,	0	6	/	0	1	/	1	9	9	3	,	*	*	*	-	*	*	-	4	7	9	1	,	K	Y
2	7	,	M	i	c	h	a	e	l	,	C	l	e	m	e	n	t	s	,	0	1	/	0	3	/	1	9	9	4	,	*	*	*	-	*	*	-	6	2	2	3	,	N	C
4	8	,	C	h	r	i	s	t	o	p	h	e	r	,	W	i	l	l	i	a	m	s	,	0	2	/	2	3	/	1	9	7	7	,	*	*	*	-	*	*	-	6	5	3	5	,	H	I
2	8	6	,	L	a	u	r	a	,	M	a	t	a	,	1	0	/	2	2	/	1	9	6	6	,	*	*	*	-	*	*	-	5	7	9	4	,	A	L
3	0	8	,	J	e	s	s	i	c	a	,	C	a	m	p	b	e	l	l	,	0	9	/	1	6	/	1	9	6	8	,	*	*	*	-	*	*	-	2	1	2	1	,	F	L
1	6	3	,	K	r	i	s	t	y	,	H	e	b	e	r	t	,	1	1	/	1	2	/	1	9	7	3	,	*	*	*	-	*	*	-	9	8	9	2	,	W	A
2	7	5	,	R	a	c	h	e	l	,	S	i	l	v	a	,	1	1	/	1	9	/	1	9	7	4	,	*	*	*	-	*	*	-	3	4	7	4	,	N	D
5	2	1	,	T	y	r	o	n	e	,	D	e	a	n	,	0	1	/	3	1	/	1	9	8	6	,	*	*	*	-	*	*	-	5	9	3	2	,	V	A
5	3	,	A	n	g	e	l	a	,	W	h	i	t	e	,	0	2	/	1	7	/	1	9	6	3	,	*	*	*	-	*	*	-	2	9	2	1	,	M	E
5	3	9	,	T	e	r	e	s	a	,	B	e	l	l	,	0	5	/	1	2	/	1	9	7	5	,	*	*	*	-	*	*	-	1	5	8	0	,	I	N
4	8	2	,	E	d	w	i	n	,	W	i	l	l	i	a	m	s	,	0	7	/	2	7	/	1	9	8	1	,	*	*	*	-	*	*	-	6	2	0	6	,	P	A
3	4	2	,	H	a	n	n	a	h	,	H	i	c	k	s	,	0	6	/	0	5	/	1	9	7	8	,	*	*	*	-	*	*	-	9	3	8	3	,	L	A
1	5	0	,	K	e	v	i	n	,	R	i	v	e	r	a	,	0	3	/	1	4	/	1	9	9	4	,	*	*	*	-	*	*	-	8	4	1	8	,	D	E
4	4	8	,	T	r	e	v	o	r	,	J	o	n	e	s	,	0	7	/	2	8	/	1	9	5	9	,	*	*	*	-	*	*	-	5	7	4	7	,	O	R
6	0	4	,	E	m	i	l	y	,	S	i	l	v	a	,	0	4	/	2	4	/	1	9	8	9	,	*	*	*	-	*	*	-	5	2	4	2	,	M	N
1	5	4	,	E	m	m	a	,	T	h	o	m	a	s	,	0	2	/	2	5	/	1	9	6	0	,	*	*	*	-	*	*	-	2	6	6	8	,	N	D
5	9	1	,	L	i	s	a	,	M	y	e	r	s	,	0	7	/	2	2	/	1	9	8	0	,	*	*	*	-	*	*	-	7	4	4	6	,	W	I
1	9	6	,	J	e	n	n	i	f	e	r	,	K	i	n	g	,	0	2	/	0	4	/	1	9	7	5	,	*	*	*	-	*	*	-	2	5	8	1	,	M	D
5	0	7	,	D	y	l	a	n	,	W	a	l	k	e	r	,	1	1	/	0	1	/	1	9	7	1	,	*	*	*	-	*	*	-	4	1	4	3	,	G	A
4	0	9	,	A	n	d	r	e	a	,	S	n	y	d	e	r	,	0	7	/	1	0	/	1	9	8	1	,	*	*	*	-	*	*	-	3	8	8	2	,	K	Y
6	2	9	,	S	a	m	u	e	l	,	L	a	n	e	,	0	2	/	0	9	/	1	9	9	2	,	*	*	*	-	*	*	-	2	2	6	7	,	O	K
3	0	5	,	J	e	n	n	i	f	e	r	,	C	a	m	e	r	o	n	,	0	5	/	1	6	/	1	9	6	2	,	*	*	*	-	*	*	-	7	5	4	1	,	O	R
2	9	7	,	R	o	d	n	e	y	,	C	r	o	s	s	,	0	6	/	1	4	/	1	9	8	5	,	*	*	*	-	*	*	-	4	9	4	9	,	N	E
1	3	3	,	D	u	s	t	i	n	,	B	r	o	w	n	,	1	2	/	1	8	/	1	9	9	0	,	*	*	*	-	*	*	-	3	3	6	4	,	O	R
1	2	5	,	K	r	i	s	t	a	,	M	a	c	k	,	0	9	/	3	0	/	1	9	6	9	,	*	*	*	-	*	*	-	0	5	6	3	,	S	D
1	0	6	,	L	u	i	s	,	R	u	i	z	,	0	2	/	0	1	/	1	9	7	7	,	*	*	*	-	*	*	-	4	8	9	4	,	N	V
3	3	5	,	C	a	s	s	a	n	d	r	a	,	J	o	h	n	s	o	n	,	1	2	/	0	1	/	1	9	9	1	,	*	*	*	-	*	*	-	0	2	0	3	,	A	L
6	4	8	,	R	u	t	h	,	N	i	c	h	o	l	s	,	0	7	/	2	1	/	1	9	9	0	,	*	*	*	-	*	*	-	7	6	0	8	,	N	E
3	3	2	,	P	a	m	e	l	a	,	D	e	a	n	,	0	8	/	1	5	/	1	9	8	7	,	*	*	*	-	*	*	-	3	3	0	2	,	C	T
1	7	5	,	B	e	t	h	,	L	e	e	,	1	2	/	0	8	/	1	9	6	1	,	*	*	*	-	*	*	-	1	3	7	1	,	M	N
1	0	4	,	C	h	r	i	s	t	o	p	h	e	r	,	M	a	r	t	i	n	,	0	4	/	2	6	/	1	9	7	7	,	*	*	*	-	*	*	-	9	8	1	2	,	W	Y
3	1	4	,	A	m	a	n	d	a	,	J	o	h	n	s	o	n	,	0	9	/	0	3	/	1	9	7	4	,	*	*	*	-	*	*	-	7	1	5	3	,	M	A
5	5	1	,	J	o	s	e	p	h	,	B	a	r	n	e	t	t	,	1	0	/	2	4	/	1	9	5	9	,	*	*	*	-	*	*	-	1	6	4	4	,	O	R
1	2	4	,	M	a	r	i	a	,	B	u	r	n	s	,	1	1	/	2	4	/	1	9	7	9	,	*	*	*	-	*	*	-	9	4	8	8	,	W	V
8	,	K	e	v	i	n	,	R	i	l	e	y	,	0	9	/	0	5	/	1	9	6	2	,	*	*	*	-	*	*	-	5	6	0	5	,	W	V
2	5	1	,	B	r	i	a	n	,	R	e	y	e	s	,	0	7	/	1	5	/	1	9	6	2	,	*	*	*	-	*	*	-	0	5	1	0	,	W	V
6	4	3	,	J	e	f	f	r	e	y	,	R	o	b	i	n	s	o	n	,	0	6	/	2	1	/	1	9	5	8	,	*	*	*	-	*	*	-	6	4	9	0	,	M	O
2	3	8	,	D	a	v	i	d	,	G	a	r	d	n	e	r	,	0	9	/	0	5	/	1	9	6	1	,	*	*	*	-	*	*	-	8	3	9	6	,	F	L
3	0	3	,	T	r	a	c	e	y	,	D	o	w	n	s	,	0	2	/	2	8	/	1	9	7	4	,	*	*	*	-	*	*	-	4	5	9	6	,	N	M
5	1	9	,	C	o	d	y	,	R	a	m	i	r	e	z	,	1	0	/	1	5	/	1	9	8	2	,	*	*	*	-	*	*	-	7	9	5	0	,	L	A
1	7	8	,	H	e	a	t	h	e	r	,	G	r	a	y	,	0	5	/	0	9	/	1	9	8	1	,	*	*	*	-	*	*	-	6	8	4	8	,	K	S
4	5	8	,	E	r	i	k	a	,	L	e	w	i	s	,	0	2	/	1	5	/	1	9	6	0	,	*	*	*	-	*	*	-	9	1	1	1	,	C	O
2	0	7	,	R	o	n	a	l	d	,	M	a	y	n	a	r	d	,	1	1	/	2	2	/	1	9	7	8	,	*	*	*	-	*	*	-	9	0	2	0	,	K	Y
5	9	8	,	A	s	h	l	e	y	,	S	a	u	n	d	e	r	s	,	0	6	/	1	1	/	1	9	9	1	,	*	*	*	-	*	*	-	5	3	0	9	,	G	A
3	5	2	,	P	a	u	l	,	K	a	u	f	m	a	n	,	1	1	/	0	2	/	1	9	7	8	,	*	*	*	-	*	*	-	0	9	6	4	,	I	A
6	4	5	,	N	a	t	h	a	n	,	R	o	s	a	r	i	o	,	0	6	/	1	5	/	1	9	6	4	,	*	*	*	-	*	*	-	5	0	2	7	,	N	Y
1	4	6	,	M	e	l	i	s	s	a	,	N	g	u	y	e	n	,	1	0	/	0	6	/	1	9	7	8	,	*	*	*	-	*	*	-	1	1	9	3	,	M	N
5	1	,	M	i	t	c	h	e	l	l	,	G	i	l	l	,	0	7	/	2	7	/	1	9	8	9	,	*	*	*	-	*	*	-	7	5	9	8	,	K	Y
5	1	2	,	M	i	c	h	a	e	l	,	S	h	a	w	,	0	4	/	1	8	/	1	9	7	7	,	*	*	*	-	*	*	-	8	2	4	9	,	O	R
4	6	7	,	C	r	y	s	t	a	l	,	J	o	n	e	s	,	1	2	/	2	0	/	1	9	7	2	,	*	*	*	-	*	*	-	8	1	6	0	,	M	D
1	7	9	,	J	a	s	m	i	n	e	,	H	a	r	r	i	s	o	n	,	1	2	/	0	4	/	1	9	5	7	,	*	*	*	-	*	*	-	0	6	0	2	,	W	V
5	4	,	C	h	a	s	e	,	G	r	a	n	t	,	0	5	/	0	4	/	1	9	8	5	,	*	*	*	-	*	*	-	1	2	2	9	,	K	S
5	7	0	,	S	h	a	w	n	,	K	i	d	d	,	0	4	/	1	0	/	1	9	6	1	,	*	*	*	-	*	*	-	4	2	4	0	,	M	N
5	2	7	,	C	h	r	i	s	,	R	o	b	i	n	s	o	n	,	0	1	/	2	4	/	1	9	7	0	,	*	*	*	-	*	*	-	1	0	1	3	,	S	C
2	8	8	,	C	a	r	l	a	,	S	m	i	t	h	,	0	5	/	0	5	/	1	9	6	9	,	*	*	*	-	*	*	-	6	1	8	2	,	A	L
3	8	2	,	K	i	m	b	e	r	l	y	,	B	u	r	n	s	,	0	1	/	3	0	/	1	9	8	5	,	*	*	*	-	*	*	-	5	6	1	0	,	C	A
4	0	8	,	L	o	r	i	,	S	u	l	l	i	v	a	n	,	1	0	/	0	5	/	1	9	9	2	,	*	*	*	-	*	*	-	4	0	6	2	,	N	Y
1	4	7	,	J	e	n	n	i	f	e	r	,	W	i	l	l	i	a	m	s	,	0	2	/	2	5	/	1	9	9	4	,	*	*	*	-	*	*	-	7	0	2	5	,	M	E
1	9	8	,	J	o	h	n	,	L	a	m	b	,	0	3	/	0	9	/	1	9	8	6	,	*	*	*	-	*	*	-	1	4	9	4	,	C	O
1	9	4	,	J	o	a	n	n	e	,	L	a	m	b	,	0	6	/	2	8	/	1	9	7	4	,	*	*	*	-	*	*	-	6	9	2	2	,	L	A
2	0	6	,	D	a	v	i	d	,	B	r	o	w	n	,	1	2	/	2	7	/	1	9	7	8	,	*	*	*	-	*	*	-	4	2	7	4	,	D	E
7	6	,	S	c	o	t	t	,	L	e	a	c	h	,	0	4	/	0	3	/	1	9	8	5	,	*	*	*	-	*	*	-	5	1	4	4	,	A	R
4	3	2	,	A	n	d	r	e	w	,	T	y	l	e	r	,	0	4	/	0	8	/	1	9	7	0	,	*	*	*	-	*	*	-	3	5	1	1	,	I	A
